/****************************************************************************
** Resource object code
**
** Created by: The Resource Compiler for Qt version 6.8.2
**
** WARNING! All changes made in this file will be lost!
*****************************************************************************/

#ifdef _MSC_VER
// disable informational message "function ... selected for automatic inline expansion"
#pragma warning (disable: 4711)
#endif

static const unsigned char qt_resource_data[] = {
  // asciicontrol.ttf
  0x0,0x0,0x70,0x28,
  0x0,
  0x1,0x0,0x0,0x0,0xe,0x0,0x80,0x0,0x3,0x0,0x60,0x4f,0x53,0x2f,0x32,0x6a,
  0x53,0xea,0xaf,0x0,0x0,0x0,0xec,0x0,0x0,0x0,0x60,0x63,0x6d,0x61,0x70,0x3,
  0x2a,0xe,0xb9,0x0,0x0,0x1,0x4c,0x0,0x0,0x3,0x18,0x63,0x76,0x74,0x20,0x0,
  0x0,0x0,0x0,0x0,0x0,0x61,0x70,0x0,0x0,0x0,0xe,0x66,0x70,0x67,0x6d,0x62,
  0x2e,0xf9,0x7a,0x0,0x0,0x61,0x80,0x0,0x0,0xe,0xc,0x67,0x61,0x73,0x70,0x0,
  0x0,0x0,0x10,0x0,0x0,0x61,0x68,0x0,0x0,0x0,0x8,0x67,0x6c,0x79,0x66,0xb5,
  0x5e,0x8d,0x16,0x0,0x0,0x4,0x64,0x0,0x0,0x50,0xde,0x68,0x65,0x61,0x64,0x2b,
  0x6f,0xe5,0xb6,0x0,0x0,0x55,0x44,0x0,0x0,0x0,0x36,0x68,0x68,0x65,0x61,0xa,
  0xf2,0x7,0x6,0x0,0x0,0x55,0x7c,0x0,0x0,0x0,0x24,0x68,0x6d,0x74,0x78,0xb7,
  0x99,0x0,0x69,0x0,0x0,0x55,0xa0,0x0,0x0,0x0,0x9a,0x6c,0x6f,0x63,0x61,0x89,
  0xd7,0x9e,0x65,0x0,0x0,0x56,0x3c,0x0,0x0,0x0,0x50,0x6d,0x61,0x78,0x70,0x1,
  0xbd,0xf,0xc7,0x0,0x0,0x56,0x8c,0x0,0x0,0x0,0x20,0x6e,0x61,0x6d,0x65,0xe7,
  0x12,0xe,0x5,0x0,0x0,0x56,0xac,0x0,0x0,0xa,0x9b,0x70,0x6f,0x73,0x74,0x0,
  0x3,0x0,0x0,0x0,0x0,0x61,0x48,0x0,0x0,0x0,0x20,0x70,0x72,0x65,0x70,0x7e,
  0xb6,0x3b,0xb6,0x0,0x0,0x6f,0x8c,0x0,0x0,0x0,0x9c,0x0,0x3,0x4,0xe8,0x1,
  0xf4,0x0,0x5,0x0,0x0,0x2,0x8a,0x2,0xbb,0x0,0x0,0x0,0x8c,0x2,0x8a,0x2,
  0xbb,0x0,0x0,0x1,0xdf,0x0,0x31,0x1,0x2,0x0,0x0,0x0,0x0,0x0,0x0,0x0,
  0x0,0x0,0x0,0x0,0x0,0x80,0x0,0x0,0x1,0x0,0x0,0x0,0x0,0x4,0x0,0x0,
  0x0,0x0,0x0,0x0,0x0,0x58,0x58,0x58,0x58,0x0,0x40,0x0,0x1,0xff,0xfd,0x3,
  0x20,0xff,0x38,0x0,0x0,0x3,0x20,0x0,0xdc,0x0,0x0,0x0,0x1,0x0,0x0,0x0,
  0x0,0x1,0x90,0x3,0x20,0x0,0x0,0x0,0x0,0x0,0x0,0x0,0x0,0x0,0x2,0x0,
  0x3,0x0,0x1,0x0,0x0,0x0,0x14,0x0,0x3,0x0,0xa,0x0,0x0,0x1,0x34,0x0,
  0x4,0x1,0x20,0x0,0x0,0x0,0x44,0x0,0x40,0x0,0x5,0x0,0x4,0x0,0x0,0x0,
  0x1,0x0,0x2,0x0,0x3,0x0,0x4,0x0,0x5,0x0,0x6,0x0,0x7,0x0,0x8,0x0,
  0x9,0x0,0xa,0x0,0xb,0x0,0xc,0x0,0xd,0x0,0xe,0x0,0xf,0x0,0x10,0x0,
  0x11,0x0,0x12,0x0,0x13,0x0,0x14,0x0,0x15,0x0,0x16,0x0,0x17,0x0,0x18,0x0,
  0x19,0x0,0x1a,0x0,0x1b,0x0,0x1c,0x0,0x1d,0x0,0x1e,0x0,0x1f,0x0,0x7f,0xff,
  0xff,0x0,0x0,0x0,0x0,0x0,0x1,0x0,0x2,0x0,0x3,0x0,0x4,0x0,0x5,0x0,
  0x6,0x0,0x7,0x0,0x8,0x0,0x9,0x0,0xa,0x0,0xb,0x0,0xc,0x0,0xd,0x0,
  0xe,0x0,0xf,0x0,0x10,0x0,0x11,0x0,0x12,0x0,0x13,0x0,0x14,0x0,0x15,0x0,
  0x16,0x0,0x17,0x0,0x18,0x0,0x19,0x0,0x1a,0x0,0x1b,0x0,0x1c,0x0,0x1d,0x0,
  0x1e,0x0,0x1f,0x0,0x7f,0xff,0xff,0x0,0x0,0x0,0x0,0x0,0x0,0x0,0x0,0x0,
  0x0,0x0,0x0,0x0,0x0,0x0,0x0,0x0,0x0,0x0,0x0,0x0,0x0,0x0,0x0,0x0,
  0x0,0x0,0x0,0x0,0x0,0x0,0x0,0x0,0x0,0x0,0x0,0x0,0x0,0x0,0x0,0x0,
  0x0,0x0,0x0,0x0,0x0,0x0,0x0,0x0,0x0,0x0,0x0,0x0,0x0,0x0,0x0,0x0,
  0x0,0x0,0x0,0x0,0x0,0x0,0x0,0xff,0xa1,0x0,0x1,0x0,0x0,0x0,0x0,0x0,
  0x0,0x0,0x0,0x0,0x0,0x0,0x0,0x0,0x0,0x0,0x0,0x0,0x0,0x0,0x0,0x0,
  0x0,0x0,0x0,0x0,0x0,0x0,0x0,0x0,0x0,0x0,0x0,0x0,0x0,0x0,0x0,0x0,
  0x0,0x0,0x0,0x0,0x0,0x0,0x0,0x0,0x0,0x0,0x0,0x0,0x0,0x0,0x0,0x0,
  0x0,0x0,0x0,0x0,0x0,0x0,0x0,0x0,0x0,0x0,0x0,0x0,0x0,0x0,0x0,0x0,
  0xc,0x0,0x0,0x0,0x0,0x1,0xe4,0x0,0x0,0x0,0x0,0x0,0x0,0x0,0x27,0x0,
  0x0,0x0,0x0,0x0,0x0,0x0,0x0,0x0,0x0,0x0,0x0,0x0,0x0,0x0,0x1,0x0,
  0x0,0x0,0x1,0x0,0x0,0x0,0x1,0x0,0x0,0x0,0x2,0x0,0x0,0x0,0x2,0x0,
  0x0,0x0,0x2,0x0,0x0,0x0,0x3,0x0,0x0,0x0,0x3,0x0,0x0,0x0,0x3,0x0,
  0x0,0x0,0x4,0x0,0x0,0x0,0x4,0x0,0x0,0x0,0x4,0x0,0x0,0x0,0x5,0x0,
  0x0,0x0,0x5,0x0,0x0,0x0,0x5,0x0,0x0,0x0,0x6,0x0,0x0,0x0,0x6,0x0,
  0x0,0x0,0x6,0x0,0x0,0x0,0x7,0x0,0x0,0x0,0x7,0x0,0x0,0x0,0x7,0x0,
  0x0,0x0,0x8,0x0,0x0,0x0,0x8,0x0,0x0,0x0,0x8,0x0,0x0,0x0,0x9,0x0,
  0x0,0x0,0x9,0x0,0x0,0x0,0x9,0x0,0x0,0x0,0xa,0x0,0x0,0x0,0xa,0x0,
  0x0,0x0,0xa,0x0,0x0,0x0,0xb,0x0,0x0,0x0,0xb,0x0,0x0,0x0,0xb,0x0,
  0x0,0x0,0xc,0x0,0x0,0x0,0xc,0x0,0x0,0x0,0xc,0x0,0x0,0x0,0xd,0x0,
  0x0,0x0,0xd,0x0,0x0,0x0,0xd,0x0,0x0,0x0,0xe,0x0,0x0,0x0,0xe,0x0,
  0x0,0x0,0xe,0x0,0x0,0x0,0xf,0x0,0x0,0x0,0xf,0x0,0x0,0x0,0xf,0x0,
  0x0,0x0,0x10,0x0,0x0,0x0,0x10,0x0,0x0,0x0,0x10,0x0,0x0,0x0,0x11,0x0,
  0x0,0x0,0x11,0x0,0x0,0x0,0x11,0x0,0x0,0x0,0x12,0x0,0x0,0x0,0x12,0x0,
  0x0,0x0,0x12,0x0,0x0,0x0,0x13,0x0,0x0,0x0,0x13,0x0,0x0,0x0,0x13,0x0,
  0x0,0x0,0x14,0x0,0x0,0x0,0x14,0x0,0x0,0x0,0x14,0x0,0x0,0x0,0x15,0x0,
  0x0,0x0,0x15,0x0,0x0,0x0,0x15,0x0,0x0,0x0,0x16,0x0,0x0,0x0,0x16,0x0,
  0x0,0x0,0x16,0x0,0x0,0x0,0x17,0x0,0x0,0x0,0x17,0x0,0x0,0x0,0x17,0x0,
  0x0,0x0,0x18,0x0,0x0,0x0,0x18,0x0,0x0,0x0,0x18,0x0,0x0,0x0,0x19,0x0,
  0x0,0x0,0x19,0x0,0x0,0x0,0x19,0x0,0x0,0x0,0x1a,0x0,0x0,0x0,0x1a,0x0,
  0x0,0x0,0x1a,0x0,0x0,0x0,0x1b,0x0,0x0,0x0,0x1b,0x0,0x0,0x0,0x1b,0x0,
  0x0,0x0,0x1c,0x0,0x0,0x0,0x1c,0x0,0x0,0x0,0x1c,0x0,0x0,0x0,0x1d,0x0,
  0x0,0x0,0x1d,0x0,0x0,0x0,0x1d,0x0,0x0,0x0,0x1e,0x0,0x0,0x0,0x1e,0x0,
  0x0,0x0,0x1e,0x0,0x0,0x0,0x1f,0x0,0x0,0x0,0x1f,0x0,0x0,0x0,0x1f,0x0,
  0x0,0x0,0x7f,0x0,0x0,0x0,0x7f,0x0,0x0,0x0,0x20,0x0,0xf,0xff,0xf8,0x0,
  0xf,0xff,0xf8,0x0,0x0,0x0,0x26,0x0,0xf,0xff,0xf9,0x0,0xf,0xff,0xf9,0x0,
  0x0,0x0,0x25,0x0,0xf,0xff,0xfa,0x0,0xf,0xff,0xfa,0x0,0x0,0x0,0x24,0x0,
  0xf,0xff,0xfb,0x0,0xf,0xff,0xfb,0x0,0x0,0x0,0x23,0x0,0xf,0xff,0xfc,0x0,
  0xf,0xff,0xfc,0x0,0x0,0x0,0x22,0x0,0xf,0xff,0xfd,0x0,0xf,0xff,0xfd,0x0,
  0x0,0x0,0x21,0x0,0x4,0x0,0x0,0xff,0x38,0x5,0xdc,0x3,0x20,0x0,0x22,0x0,
  0x61,0x0,0x67,0x0,0x6b,0x0,0x61,0x40,0x5e,0x1e,0xd,0x2,0x8,0x1,0x1,0x4c,
  0x0,0x8,0x1,0x6,0x1,0x8,0x6,0x80,0x0,0x6,0x0,0x1,0x6,0x0,0x7e,0xe,
  0xa,0x3,0x3,0x0,0x4,0x4,0x0,0x70,0x0,0xb,0x9,0x7,0x5,0x2,0x4,0x1,
  0x8,0xb,0x1,0x67,0xd,0x1,0x4,0xc,0xc,0x4,0x59,0xd,0x1,0x4,0x4,0xc,
  0x60,0x0,0xc,0x4,0xc,0x50,0x62,0x62,0x24,0x23,0x6b,0x6a,0x69,0x68,0x62,0x67,
  0x62,0x67,0x66,0x65,0x64,0x63,0x53,0x52,0x44,0x41,0x32,0x31,0x23,0x61,0x24,0x60,
  0x11,0x1e,0x11,0x1e,0xf,0x6,0x1a,0x2b,0x13,0x31,0x34,0x34,0x35,0x26,0x26,0x27,
  0x26,0x26,0x27,0x26,0x26,0x27,0x13,0x33,0x11,0x23,0x11,0x31,0x14,0x14,0x17,0x14,
  0x17,0x16,0x16,0x17,0x16,0x16,0x17,0x3,0x23,0x11,0x33,0x5,0x32,0x37,0x36,0x37,
  0x36,0x37,0x36,0x36,0x37,0x36,0x37,0x36,0x35,0x11,0x23,0x11,0x31,0x14,0x14,0x7,
  0x6,0x6,0x7,0x6,0x7,0x6,0x7,0x6,0x7,0x6,0x23,0x31,0x22,0x27,0x26,0x27,
  0x26,0x27,0x26,0x27,0x26,0x26,0x27,0x26,0x26,0x35,0x11,0x23,0x11,0x31,0x14,0x17,
  0x16,0x17,0x16,0x17,0x16,0x17,0x16,0x17,0x16,0x33,0x25,0x35,0x23,0x11,0x23,0x11,
  0x1,0x21,0x11,0x21,0xaa,0x1,0x1,0x2,0x2,0x4,0x2,0x2,0x5,0x2,0xb9,0x6b,
  0x6f,0x1,0x4,0x2,0x4,0x2,0x2,0x4,0x2,0xb9,0x6b,0x6f,0x2,0x44,0x1b,0x1b,
  0x19,0x19,0x17,0x12,0x8,0xf,0x5,0x9,0x5,0x4,0x6f,0x1,0x1,0x2,0x2,0x5,
  0x5,0x6,0x9,0x9,0xe,0xf,0xb,0xb,0xf,0xc,0xa,0xa,0x6,0x6,0x3,0x2,
  0x2,0x1,0x1,0x1,0x6f,0x4,0x4,0xb,0xb,0x11,0x10,0x18,0x19,0x19,0x1b,0x1b,
  0x2,0xb9,0xf7,0x70,0xfb,0xc0,0x5,0xdc,0xfa,0x24,0x1,0x26,0x10,0x20,0x10,0x10,
  0x20,0x10,0x10,0x1f,0x10,0x10,0x1f,0x10,0xfd,0xdc,0x2,0xdf,0xfe,0xda,0x10,0x20,
  0x10,0x23,0x1c,0x10,0x20,0x10,0x10,0x1f,0x10,0x2,0x24,0xfd,0x21,0x8,0x6,0x4,
  0xf,0xe,0x16,0xb,0x16,0xd,0x16,0x1e,0x18,0x1e,0x2,0x12,0xfd,0xee,0x7,0xc,
  0x7,0x7,0xd,0x6,0xf,0xa,0xc,0x9,0x9,0x5,0x5,0x5,0x3,0xb,0x8,0xd,
  0xc,0xd,0x6,0xd,0x7,0x7,0xc,0x7,0x2,0x12,0xfd,0xee,0x1e,0x18,0x1a,0x1a,
  0x1a,0x14,0x15,0xf,0xf,0x4,0x6,0x8,0x60,0x2,0x7f,0xfd,0x21,0x3,0x20,0xfc,
  0x18,0x0,0x0,0x0,0x5,0x0,0x0,0xff,0x38,0x5,0xdc,0x3,0x20,0x0,0x8c,0x0,
  0xc3,0x0,0xfe,0x1,0xa,0x1,0xe,0x0,0x0,0x17,0x32,0x37,0x36,0x37,0x36,0x37,
  0x36,0x37,0x36,0x37,0x36,0x35,0x31,0x34,0x27,0x26,0x27,0x26,0x27,0x26,0x27,0x26,
  0x27,0x26,0x26,0x27,0x26,0x26,0x27,0x26,0x27,0x26,0x27,0x26,0x35,0x31,0x34,0x37,
  0x36,0x37,0x36,0x37,0x36,0x33,0x31,0x32,0x17,0x16,0x17,0x16,0x17,0x16,0x15,0x15,
  0x33,0x35,0x31,0x34,0x27,0x26,0x27,0x26,0x27,0x26,0x26,0x27,0x26,0x27,0x26,0x23,
  0x31,0x22,0x7,0x6,0x7,0x6,0x7,0x6,0x7,0x6,0x7,0x6,0x15,0x31,0x14,0x17,
  0x16,0x16,0x17,0x16,0x16,0x17,0x16,0x17,0x16,0x17,0x16,0x17,0x16,0x17,0x16,0x17,
  0x16,0x17,0x16,0x15,0x31,0x14,0x7,0x6,0x7,0x6,0x7,0x6,0x23,0x31,0x22,0x27,
  0x26,0x27,0x26,0x27,0x26,0x35,0x35,0x23,0x15,0x31,0x14,0x17,0x16,0x17,0x16,0x17,
  0x16,0x17,0x16,0x17,0x16,0x33,0x21,0x32,0x37,0x36,0x37,0x36,0x37,0x36,0x37,0x36,
  0x36,0x37,0x36,0x35,0x11,0x31,0x34,0x27,0x26,0x27,0x26,0x27,0x26,0x27,0x26,0x27,
  0x26,0x23,0x31,0x22,0x7,0x6,0x7,0x6,0x7,0x6,0x7,0x6,0x7,0x6,0x15,0x11,
  0x31,0x14,0x17,0x16,0x17,0x16,0x17,0x16,0x17,0x16,0x17,0x16,0x33,0x35,0x22,0x27,
  0x26,0x27,0x26,0x27,0x26,0x26,0x27,0x26,0x27,0x26,0x26,0x35,0x11,0x31,0x34,0x36,
  0x37,0x36,0x37,0x36,0x37,0x36,0x37,0x36,0x37,0x36,0x33,0x31,0x32,0x17,0x16,0x17,
  0x16,0x17,0x16,0x17,0x16,0x17,0x16,0x14,0x15,0x11,0x31,0x14,0x14,0x7,0x6,0x7,
  0x6,0x7,0x6,0x7,0x6,0x7,0x6,0x23,0x5,0x11,0x33,0x11,0x33,0x11,0x23,0x11,
  0x23,0x11,0x23,0x11,0x1,0x21,0x11,0x21,0xf9,0x18,0x1c,0x19,0x18,0x17,0x14,0x13,
  0xd,0xc,0x6,0x6,0x5,0x5,0xc,0xa,0x10,0xf,0x12,0x10,0x16,0xa,0x15,0xb,
  0xa,0x15,0xb,0x16,0x10,0x10,0xb,0xb,0x5,0x5,0xa,0xa,0x12,0xf,0x12,0x11,
  0x10,0x12,0x9,0xc,0x4,0x5,0x6f,0x6,0x5,0xc,0xb,0x13,0xa,0x14,0xb,0x16,
  0x1a,0x17,0x1b,0x1b,0x17,0x16,0x1a,0x18,0x11,0x13,0xb,0xd,0x4,0x6,0x6,0x2,
  0x9,0x5,0x5,0xe,0x7,0xf,0x12,0x15,0x11,0x15,0x14,0x13,0x18,0x16,0x10,0x12,
  0xa,0xa,0x5,0x6,0xc,0xe,0x10,0x11,0x13,0x12,0x11,0x11,0xc,0xd,0x6,0x6,
  0x6f,0x7,0x6,0xd,0xc,0x14,0x14,0x17,0x17,0x19,0x17,0x1c,0x1,0xf5,0x1c,0x1c,
  0x18,0x1b,0x18,0x13,0x13,0xa,0x5,0x9,0x2,0x4,0x4,0x4,0xc,0xa,0x13,0x15,
  0x16,0x17,0x1c,0x20,0x18,0x19,0x1e,0x1d,0x17,0x17,0x13,0x14,0xa,0xa,0x5,0x5,
  0x5,0x4,0xb,0xb,0x13,0x11,0x19,0x1b,0x19,0x1b,0x1c,0xf,0xc,0xe,0xa,0xa,
  0x8,0x4,0x5,0x2,0x4,0x2,0x1,0x1,0x1,0x1,0x2,0x4,0x5,0x6,0x8,0xa,
  0xa,0xe,0xc,0xf,0x10,0xc,0x10,0x8,0xa,0x7,0x8,0x4,0x5,0x1,0x1,0x1,
  0x1,0x5,0x5,0x7,0x9,0x8,0xc,0xc,0xc,0x10,0x1,0xa4,0xa0,0x6f,0x6f,0xa0,
  0x6f,0xfb,0xdd,0x5,0xdc,0xfa,0x24,0x8,0x5,0x4,0xb,0xb,0x12,0x13,0x16,0x17,
  0x19,0x1a,0x19,0x16,0x1b,0x15,0x19,0x15,0x15,0x14,0x10,0xf,0xf,0x7,0xd,0x7,
  0x6,0xc,0x7,0xd,0x11,0x10,0x18,0x18,0x17,0x11,0x12,0x12,0xd,0xd,0x8,0x7,
  0x6,0x8,0xc,0x10,0xd,0x12,0x10,0x2,0x4,0x19,0x19,0x15,0x19,0x15,0x13,0x8,
  0xf,0x5,0xb,0x4,0x4,0x4,0x4,0xc,0xd,0x11,0x15,0x14,0x18,0x18,0x19,0x19,
  0x19,0x18,0xc,0x17,0xb,0xb,0x14,0xa,0x13,0x11,0x13,0xc,0xf,0xb,0xc,0xd,
  0xe,0x10,0x14,0x15,0x15,0x1a,0x10,0x14,0x11,0xe,0xe,0x6,0x7,0x6,0x5,0xd,
  0xb,0x13,0x11,0x11,0x2,0x3,0x1b,0x18,0x19,0x16,0x16,0x11,0x11,0xa,0xa,0x5,
  0x4,0x6,0x4,0xf,0xd,0x15,0x16,0x19,0xd,0x1a,0xd,0x18,0x1f,0x1,0x45,0x1f,
  0x18,0x18,0x1d,0x17,0x17,0x17,0xc,0xd,0x6,0x5,0x5,0x6,0xd,0xd,0x16,0x15,
  0x19,0x19,0x1c,0x1e,0x19,0xfe,0xbb,0x19,0x1e,0x1a,0x1a,0x1a,0x15,0x14,0xe,0xf,
  0x4,0x6,0x60,0x4,0x5,0x8,0x9,0xc,0x5,0xd,0x7,0xe,0xd,0x7,0xd,0x7,
  0x1,0x45,0x7,0xe,0x7,0xe,0xd,0x10,0x9,0xc,0x8,0x8,0x5,0x4,0x4,0x6,
  0x7,0x9,0xb,0xd,0xc,0xd,0xe,0x7,0xe,0x7,0xfe,0xbb,0x7,0xd,0x7,0xd,
  0xe,0xf,0xa,0xe,0x7,0x9,0x4,0x4,0x58,0x1,0x49,0xfe,0xb7,0x2,0xdf,0xfe,
  0xca,0x1,0x36,0xfd,0x21,0x3,0x20,0xfc,0x18,0x0,0x0,0x0,0x4,0x0,0x0,0xff,
  0x38,0x5,0xdc,0x3,0x20,0x0,0x8c,0x0,0x94,0x0,0xa0,0x0,0xa4,0x0,0x8c,0x40,
  0x89,0x9f,0x9c,0x99,0x96,0x4,0x5,0x2,0x1,0x4c,0xc,0xb,0x2,0x7,0x3,0x1,
  0x3,0x7,0x72,0x0,0x1,0x6,0x3,0x1,0x6,0x7e,0x8,0x1,0x6,0x2,0x3,0x6,
  0x2,0x7e,0x0,0x2,0x5,0x3,0x2,0x5,0x7e,0x0,0x5,0x4,0x3,0x5,0x4,0x7e,
  0x0,0x4,0x9,0x3,0x4,0x9,0x7e,0x12,0xd,0xa,0x11,0x4,0x9,0x0,0x0,0x9,
  0x70,0x0,0xe,0x0,0x3,0x7,0xe,0x3,0x69,0x10,0x1,0x0,0xf,0xf,0x0,0x59,
  0x10,0x1,0x0,0x0,0xf,0x60,0x0,0xf,0x0,0xf,0x50,0x95,0x95,0x8d,0x8d,0x1,
  0x0,0xa4,0xa3,0xa2,0xa1,0x95,0xa0,0x95,0xa0,0x9e,0x9d,0x9b,0x9a,0x98,0x97,0x8d,
  0x94,0x8d,0x94,0x93,0x92,0x91,0x90,0x8f,0x8e,0x7e,0x7c,0x75,0x72,0x48,0x45,0x37,
  0x35,0x2e,0x2b,0x0,0x8c,0x1,0x8b,0x13,0x6,0x16,0x2b,0x17,0x32,0x37,0x36,0x37,
  0x36,0x37,0x36,0x37,0x36,0x37,0x36,0x35,0x31,0x34,0x27,0x26,0x27,0x26,0x27,0x26,
  0x27,0x26,0x27,0x26,0x26,0x27,0x26,0x26,0x27,0x26,0x27,0x26,0x27,0x26,0x35,0x31,
  0x34,0x37,0x36,0x37,0x36,0x37,0x36,0x33,0x31,0x32,0x17,0x16,0x17,0x16,0x17,0x16,
  0x15,0x15,0x33,0x35,0x31,0x34,0x27,0x26,0x27,0x26,0x27,0x26,0x26,0x27,0x26,0x27,
  0x26,0x23,0x31,0x22,0x7,0x6,0x7,0x6,0x7,0x6,0x7,0x6,0x7,0x6,0x15,0x31,
  0x14,0x17,0x16,0x16,0x17,0x16,0x16,0x17,0x16,0x17,0x16,0x17,0x16,0x17,0x16,0x17,
  0x16,0x17,0x16,0x17,0x16,0x15,0x31,0x14,0x7,0x6,0x7,0x6,0x7,0x6,0x23,0x31,
  0x22,0x27,0x26,0x27,0x26,0x27,0x26,0x35,0x35,0x23,0x15,0x31,0x14,0x17,0x16,0x17,
  0x16,0x17,0x16,0x17,0x16,0x17,0x16,0x33,0x25,0x11,0x33,0x35,0x21,0x15,0x33,0x11,
  0x21,0x37,0x17,0x33,0x3,0x13,0x23,0x7,0x27,0x23,0x13,0x3,0x1,0x21,0x11,0x21,
  0xf9,0x18,0x1c,0x19,0x18,0x17,0x14,0x13,0xd,0xc,0x6,0x6,0x5,0x5,0xc,0xa,
  0x10,0xf,0x12,0x10,0x16,0xa,0x15,0xb,0xa,0x15,0xb,0x16,0x10,0x10,0xb,0xb,
  0x5,0x5,0xa,0xa,0x12,0xf,0x12,0x11,0x10,0x12,0x9,0xc,0x4,0x5,0x6f,0x6,
  0x5,0xc,0xb,0x13,0xa,0x14,0xb,0x16,0x1a,0x17,0x1b,0x1b,0x17,0x16,0x1a,0x18,
  0x11,0x13,0xb,0xd,0x4,0x6,0x6,0x2,0x9,0x5,0x5,0xe,0x7,0xf,0x12,0x15,
  0x11,0x15,0x14,0x13,0x18,0x16,0x10,0x12,0xa,0xa,0x5,0x6,0xc,0xe,0x10,0x11,
  0x13,0x12,0x11,0x11,0xc,0xd,0x6,0x6,0x6f,0x7,0x6,0xd,0xc,0x14,0x14,0x17,
  0x17,0x19,0x17,0x1c,0x2,0x2d,0x8d,0xfe,0x76,0x8d,0x1,0xd1,0x5b,0x5b,0x79,0x9d,
  0x9d,0x79,0x5b,0x5b,0x79,0x9d,0x9d,0xfb,0xf2,0x5,0xdc,0xfa,0x24,0x8,0x5,0x4,
  0xb,0xb,0x12,0x13,0x16,0x17,0x19,0x1a,0x19,0x16,0x1b,0x15,0x19,0x15,0x15,0x14,
  0x10,0xf,0xf,0x7,0xd,0x7,0x6,0xc,0x7,0xd,0x11,0x10,0x18,0x18,0x17,0x11,
  0x12,0x12,0xd,0xd,0x8,0x7,0x6,0x8,0xc,0x10,0xd,0x12,0x10,0x2,0x4,0x19,
  0x19,0x15,0x19,0x15,0x13,0x8,0xf,0x5,0xb,0x4,0x4,0x4,0x4,0xc,0xd,0x11,
  0x15,0x14,0x18,0x18,0x19,0x19,0x19,0x18,0xc,0x17,0xb,0xb,0x14,0xa,0x13,0x11,
  0x13,0xc,0xf,0xb,0xc,0xd,0xe,0x10,0x14,0x15,0x15,0x1a,0x10,0x14,0x11,0xe,
  0xe,0x6,0x7,0x6,0x5,0xd,0xb,0x13,0x11,0x11,0x2,0x3,0x1b,0x18,0x19,0x16,
  0x16,0x11,0x11,0xa,0xa,0x5,0x4,0x8,0x2,0x7f,0x60,0x60,0xfd,0x81,0xe6,0xe6,
  0x1,0x70,0x1,0x6f,0xe6,0xe6,0xfe,0x90,0xfe,0x91,0x3,0x20,0xfc,0x18,0x0,0x0,
  0x4,0x0,0x0,0xff,0x38,0x5,0xdc,0x3,0x20,0x0,0xb,0x0,0x13,0x0,0x1f,0x0,
  0x23,0x0,0x75,0x40,0x72,0x1b,0x1,0x2,0x3,0x1e,0x18,0x2,0x1,0x2,0x15,0x1,
  0x0,0x1,0x3,0x4c,0x0,0xe,0xc,0xb,0x7,0x3,0x4,0x3,0xe,0x4,0x67,0x8,
  0x6,0x2,0x3,0x0,0x2,0x1,0x3,0x2,0x67,0x0,0x1,0x0,0x0,0x5,0x1,0x0,
  0x67,0x12,0xd,0xa,0x11,0x9,0x10,0x6,0x5,0xf,0xf,0x5,0x57,0x12,0xd,0xa,
  0x11,0x9,0x10,0x6,0x5,0x5,0xf,0x5f,0x0,0xf,0x5,0xf,0x4f,0x14,0x14,0xc,
  0xc,0x0,0x0,0x23,0x22,0x21,0x20,0x14,0x1f,0x14,0x1f,0x1d,0x1c,0x1a,0x19,0x17,
  0x16,0xc,0x13,0xc,0x13,0x12,0x11,0x10,0xf,0xe,0xd,0x0,0xb,0x0,0xb,0x11,
  0x11,0x11,0x11,0x11,0x13,0x6,0x1b,0x2b,0x21,0x35,0x21,0x35,0x33,0x35,0x23,0x35,
  0x21,0x35,0x21,0x11,0x21,0x11,0x33,0x35,0x21,0x15,0x33,0x11,0x21,0x37,0x17,0x33,
  0x3,0x13,0x23,0x7,0x27,0x23,0x13,0x3,0x1,0x21,0x11,0x21,0x1,0xb9,0xfe,0xf9,
  0xce,0xce,0x1,0x7,0xfe,0x8a,0x2,0xe3,0x8d,0xfe,0x76,0x8d,0x1,0xd1,0x5b,0x5b,
  0x79,0x9d,0x9d,0x79,0x5b,0x5b,0x79,0x9d,0x9d,0xfb,0xf2,0x5,0xdc,0xfa,0x24,0x60,
  0xee,0x60,0xd1,0x60,0xfd,0x21,0x2,0x7f,0x60,0x60,0xfd,0x81,0xe6,0xe6,0x1,0x70,
  0x1,0x6f,0xe6,0xe6,0xfe,0x90,0xfe,0x91,0x3,0x20,0xfc,0x18,0x0,0x0,0x0,0x0,
  0x5,0x0,0x0,0xff,0x38,0x5,0xdc,0x3,0x20,0x0,0xb,0x0,0x42,0x0,0x7d,0x0,
  0x85,0x0,0x89,0x0,0x84,0x40,0x81,0x6b,0x1,0x2,0x3,0x1,0x4c,0xb,0x1,0x4,
  0x7,0x9,0x7,0x4,0x72,0x0,0x9,0x3,0x7,0x9,0x3,0x7e,0x12,0x1,0x8,0x0,
  0x5,0x0,0x8,0x5,0x80,0x13,0xd,0x10,0x3,0x5,0x6,0x6,0x5,0x70,0x0,0xe,
  0x0,0x7,0x4,0xe,0x7,0x69,0xc,0xa,0x2,0x3,0x0,0x2,0x1,0x3,0x2,0x67,
  0x0,0x1,0x0,0x0,0x8,0x1,0x0,0x67,0x11,0x1,0x6,0xf,0xf,0x6,0x59,0x11,
  0x1,0x6,0x6,0xf,0x60,0x0,0xf,0x6,0xf,0x50,0x7e,0x7e,0x44,0x43,0xd,0xc,
  0x0,0x0,0x89,0x88,0x87,0x86,0x7e,0x85,0x7e,0x85,0x84,0x83,0x82,0x81,0x80,0x7f,
  0x62,0x5f,0x43,0x7d,0x44,0x7c,0x29,0x26,0xc,0x42,0xd,0x41,0x0,0xb,0x0,0xb,
  0x11,0x11,0x11,0x11,0x11,0x14,0x6,0x1b,0x2b,0x21,0x35,0x21,0x35,0x33,0x35,0x23,
  0x35,0x21,0x35,0x21,0x11,0x5,0x32,0x37,0x36,0x37,0x36,0x37,0x36,0x37,0x36,0x36,
  0x37,0x36,0x35,0x11,0x31,0x34,0x27,0x26,0x27,0x26,0x27,0x26,0x27,0x26,0x27,0x26,
  0x23,0x31,0x22,0x7,0x6,0x7,0x6,0x7,0x6,0x7,0x6,0x7,0x6,0x15,0x11,0x31,
  0x14,0x17,0x16,0x17,0x16,0x17,0x16,0x17,0x16,0x17,0x16,0x33,0x35,0x22,0x27,0x26,
  0x27,0x26,0x27,0x26,0x26,0x27,0x26,0x27,0x26,0x26,0x35,0x11,0x31,0x34,0x36,0x37,
  0x36,0x37,0x36,0x37,0x36,0x37,0x36,0x37,0x36,0x33,0x31,0x32,0x17,0x16,0x17,0x16,
  0x17,0x16,0x17,0x16,0x17,0x16,0x14,0x15,0x11,0x31,0x14,0x14,0x7,0x6,0x7,0x6,
  0x7,0x6,0x7,0x6,0x7,0x6,0x23,0x5,0x11,0x33,0x35,0x21,0x15,0x33,0x11,0x1,
  0x21,0x11,0x21,0x1,0xb9,0xfe,0xf9,0xce,0xce,0x1,0x7,0xfe,0x8a,0x2,0xab,0x1c,
  0x1c,0x18,0x1b,0x18,0x13,0x13,0xa,0x5,0x9,0x2,0x4,0x4,0x4,0xc,0xa,0x13,
  0x15,0x16,0x17,0x1c,0x20,0x18,0x19,0x1e,0x1d,0x17,0x17,0x13,0x14,0xa,0xa,0x5,
  0x5,0x5,0x4,0xb,0xb,0x13,0x11,0x19,0x1b,0x19,0x1b,0x1c,0xf,0xc,0xe,0xa,
  0xa,0x8,0x4,0x5,0x2,0x4,0x2,0x1,0x1,0x1,0x1,0x2,0x4,0x5,0x6,0x8,
  0xa,0xa,0xe,0xc,0xf,0x10,0xc,0x10,0x8,0xa,0x7,0x8,0x4,0x5,0x1,0x1,
  0x1,0x1,0x5,0x5,0x7,0x9,0x8,0xc,0xc,0xc,0x10,0x2,0x2c,0x8d,0xfe,0x76,
  0x8d,0xfb,0x56,0x5,0xdc,0xfa,0x24,0x60,0xee,0x60,0xd1,0x60,0xfd,0x21,0x8,0x6,
  0x4,0xf,0xd,0x15,0x16,0x19,0xd,0x1a,0xd,0x18,0x1f,0x1,0x45,0x1f,0x18,0x18,
  0x1d,0x17,0x17,0x17,0xc,0xd,0x6,0x5,0x5,0x6,0xd,0xd,0x16,0x15,0x19,0x19,
  0x1c,0x1e,0x19,0xfe,0xbb,0x19,0x1e,0x1a,0x1a,0x1a,0x15,0x14,0xe,0xf,0x4,0x6,
  0x60,0x4,0x5,0x8,0x9,0xc,0x5,0xd,0x7,0xe,0xd,0x7,0xd,0x7,0x1,0x45,
  0x7,0xe,0x7,0xe,0xd,0x10,0x9,0xc,0x8,0x8,0x5,0x4,0x4,0x6,0x7,0x9,
  0xb,0xd,0xc,0xd,0xe,0x7,0xe,0x7,0xfe,0xbb,0x7,0xd,0x7,0xd,0xe,0xf,
  0xa,0xe,0x7,0x9,0x4,0x4,0x58,0x2,0x7f,0x60,0x60,0xfd,0x81,0x3,0x20,0xfc,
  0x18,0x0,0x0,0x0,0x5,0x0,0x0,0xff,0x38,0x5,0xdc,0x3,0x20,0x0,0xb,0x0,
  0x2e,0x0,0x7e,0x0,0xba,0x0,0xbe,0x0,0x97,0x40,0x94,0xa8,0x19,0x2,0x2,0x3,
  0x2a,0x1,0x0,0x1,0x71,0x1,0xa,0x5,0x3,0x4c,0x3a,0x1,0x5,0x1,0x4b,0x8,
  0x7,0x2,0x4,0xb,0xe,0xb,0x4,0x72,0x0,0xe,0x3,0xb,0xe,0x3,0x7e,0x13,
  0x1,0xd,0x0,0x5,0x0,0xd,0x5,0x80,0x9,0x6,0x11,0x3,0x5,0xa,0x0,0x5,
  0xa,0x7e,0x0,0xa,0xc,0x0,0xa,0xc,0x7e,0x0,0xf,0x0,0xb,0x4,0xf,0xb,
  0x69,0x0,0x3,0x0,0x2,0x1,0x3,0x2,0x67,0x0,0x1,0x0,0x0,0xd,0x1,0x0,
  0x67,0x12,0x1,0xc,0x10,0x10,0xc,0x59,0x12,0x1,0xc,0xc,0x10,0x60,0x0,0x10,
  0xc,0x10,0x50,0x80,0x7f,0x2f,0x2f,0x0,0x0,0xbe,0xbd,0xbc,0xbb,0x9e,0x9b,0x7f,
  0xba,0x80,0xb9,0x2f,0x7e,0x2f,0x7d,0x58,0x55,0x33,0x30,0x2e,0x2d,0x2c,0x2b,0x1d,
  0x1c,0x1b,0x1a,0x0,0xb,0x0,0xb,0x11,0x11,0x11,0x11,0x11,0x14,0x6,0x1b,0x2b,
  0x21,0x35,0x21,0x35,0x33,0x35,0x23,0x35,0x21,0x35,0x21,0x11,0x1,0x31,0x34,0x34,
  0x35,0x26,0x26,0x27,0x26,0x26,0x27,0x26,0x26,0x27,0x13,0x33,0x11,0x23,0x11,0x31,
  0x14,0x14,0x17,0x14,0x17,0x16,0x16,0x17,0x16,0x16,0x17,0x3,0x23,0x11,0x33,0x5,
  0x35,0x23,0x31,0x22,0x27,0x26,0x27,0x26,0x27,0x26,0x35,0x31,0x36,0x37,0x36,0x37,
  0x36,0x37,0x36,0x37,0x36,0x37,0x36,0x36,0x35,0x11,0x31,0x34,0x27,0x26,0x27,0x26,
  0x27,0x26,0x27,0x26,0x27,0x26,0x23,0x31,0x22,0x7,0x6,0x7,0x6,0x7,0x6,0x7,
  0x6,0x7,0x6,0x15,0x11,0x31,0x14,0x17,0x16,0x17,0x16,0x17,0x16,0x17,0x16,0x17,
  0x16,0x17,0x31,0x14,0x17,0x16,0x17,0x16,0x17,0x16,0x17,0x16,0x17,0x16,0x33,0x27,
  0x22,0x27,0x26,0x27,0x26,0x27,0x26,0x26,0x27,0x26,0x27,0x26,0x26,0x35,0x11,0x31,
  0x34,0x36,0x37,0x36,0x37,0x36,0x37,0x36,0x37,0x36,0x37,0x36,0x33,0x31,0x32,0x17,
  0x16,0x17,0x16,0x16,0x17,0x16,0x17,0x16,0x17,0x16,0x14,0x15,0x11,0x31,0x14,0x14,
  0x7,0x6,0x7,0x6,0x7,0x6,0x7,0x6,0x7,0x6,0x23,0x1,0x21,0x11,0x21,0x1,
  0xb9,0xfe,0xf9,0xce,0xce,0x1,0x7,0xfe,0x8a,0x2,0x5b,0x1,0x1,0x2,0x2,0x4,
  0x2,0x2,0x5,0x2,0xb9,0x6b,0x6f,0x1,0x4,0x2,0x4,0x2,0x2,0x4,0x2,0xb9,
  0x6b,0x6f,0x2,0xee,0x33,0xc,0xb,0xa,0x9,0x8,0x1,0x3,0x14,0x16,0x11,0x12,
  0xe,0xd,0xa,0x8,0x7,0x3,0x1,0x1,0x4,0x4,0xc,0xa,0x13,0x15,0x16,0x17,
  0x1c,0x20,0x18,0x19,0x1e,0x1d,0x17,0x17,0x13,0x14,0xa,0xa,0x5,0x5,0x3,0x3,
  0x8,0x7,0xf,0xf,0x10,0x12,0x16,0x13,0x1b,0x5,0x5,0x9,0xc,0xe,0xf,0x15,
  0x13,0x16,0x13,0x18,0x77,0xf,0xc,0xe,0xa,0xa,0x8,0x4,0x5,0x2,0x4,0x2,
  0x1,0x1,0x1,0x1,0x2,0x4,0x5,0x6,0x8,0xa,0xa,0xe,0xc,0xf,0x10,0xc,
  0xe,0xa,0x5,0x8,0x4,0x8,0x4,0x5,0x1,0x1,0x1,0x1,0x5,0x5,0x7,0x9,
  0x8,0xa,0xe,0xc,0x10,0xfb,0x1e,0x5,0xdc,0xfa,0x24,0x60,0xee,0x60,0xd1,0x60,
  0xfd,0x21,0x1,0x26,0x10,0x20,0x10,0x10,0x20,0x10,0x10,0x1f,0x10,0x10,0x1f,0x10,
  0xfd,0xdc,0x2,0xdf,0xfe,0xda,0x10,0x20,0x10,0x23,0x1c,0x10,0x20,0x10,0x10,0x1f,
  0x10,0x2,0x24,0xfd,0x21,0xa5,0x60,0x6,0x4,0xc,0xb,0xb,0xc,0xd,0x4,0xc,
  0x9,0x12,0xe,0x15,0x10,0x18,0x13,0x18,0xb,0x16,0xb,0x1,0x45,0x1f,0x18,0x18,
  0x1d,0x17,0x17,0x17,0xc,0xd,0x6,0x5,0x5,0x6,0xd,0xd,0x16,0x15,0x19,0x19,
  0x1c,0x1e,0x19,0xfe,0xbb,0x18,0x17,0x15,0x19,0x16,0x15,0x16,0xd,0xf,0x9,0x9,
  0x5,0x14,0x17,0x18,0x11,0x16,0xd,0xe,0xb,0xa,0x3,0x4,0xfd,0x4,0x5,0x8,
  0x9,0xc,0x5,0xd,0x7,0xe,0xd,0x7,0xd,0x7,0x1,0x45,0x7,0xe,0x7,0xe,
  0xd,0x10,0x9,0xc,0x8,0x8,0x5,0x4,0x4,0x5,0x8,0x4,0xb,0x5,0xd,0xc,
  0xd,0xe,0x7,0xe,0x7,0xfe,0xbb,0x7,0xd,0x7,0xd,0xe,0xf,0xa,0xe,0x7,
  0x8,0x5,0x4,0x2,0xc8,0xfc,0x18,0x0,0x5,0x0,0x0,0xff,0x38,0x5,0xdc,0x3,
  0x20,0x0,0x7,0x0,0x17,0x0,0x82,0x0,0x8e,0x0,0x92,0x0,0x96,0x40,0x93,0x8d,
  0x87,0x84,0xe,0x4,0x4,0x9,0x8c,0x1,0x6,0x4,0x2,0x4c,0xc,0xb,0x2,0x2,
  0xa,0x8,0xa,0x2,0x72,0x0,0x8,0x9,0xa,0x8,0x9,0x7e,0x0,0x9,0x4,0xa,
  0x9,0x4,0x7e,0x0,0x4,0x6,0xa,0x4,0x6,0x7e,0x0,0x6,0x0,0xa,0x6,0x0,
  0x7e,0x0,0x0,0x7,0xa,0x0,0x7,0x7e,0x0,0x7,0x1,0xa,0x7,0x1,0x7e,0x13,
  0xe,0xd,0x11,0x3,0x5,0x1,0x5,0x5,0x1,0x70,0x0,0xf,0x0,0xa,0x2,0xf,
  0xa,0x69,0x12,0x1,0x5,0x10,0x10,0x5,0x59,0x12,0x1,0x5,0x5,0x10,0x60,0x0,
  0x10,0x5,0x10,0x50,0x83,0x83,0x19,0x18,0x0,0x0,0x92,0x91,0x90,0x8f,0x83,0x8e,
  0x83,0x8e,0x8b,0x8a,0x89,0x88,0x86,0x85,0x69,0x66,0x59,0x57,0x50,0x4d,0x32,0x2f,
  0x26,0x24,0x18,0x82,0x19,0x81,0x17,0x16,0x0,0x7,0x0,0x7,0x11,0x11,0x11,0x14,
  0x6,0x19,0x2b,0x33,0x37,0x33,0x17,0x33,0x3,0x23,0x3,0x13,0x31,0x36,0x36,0x37,
  0x36,0x37,0x31,0x16,0x16,0x17,0x16,0x16,0x17,0x17,0x23,0x1,0x32,0x37,0x36,0x37,
  0x36,0x37,0x36,0x37,0x36,0x37,0x36,0x35,0x35,0x23,0x15,0x31,0x14,0x7,0x6,0x7,
  0x6,0x7,0x6,0x23,0x31,0x22,0x27,0x26,0x27,0x26,0x27,0x26,0x27,0x26,0x26,0x27,
  0x26,0x26,0x35,0x11,0x31,0x34,0x36,0x37,0x36,0x37,0x36,0x37,0x36,0x37,0x36,0x37,
  0x36,0x33,0x31,0x32,0x17,0x16,0x17,0x16,0x17,0x16,0x15,0x15,0x33,0x35,0x31,0x34,
  0x27,0x26,0x27,0x26,0x27,0x26,0x27,0x26,0x27,0x26,0x23,0x31,0x22,0x7,0x6,0x7,
  0x6,0x7,0x6,0x7,0x6,0x7,0x6,0x15,0x11,0x31,0x14,0x17,0x16,0x17,0x16,0x17,
  0x16,0x17,0x16,0x17,0x16,0x33,0x25,0x3,0x13,0x23,0x3,0x11,0x23,0x11,0x33,0x35,
  0x37,0x13,0x1,0x21,0x11,0x21,0x97,0x1e,0x8a,0x1e,0x72,0x95,0x80,0x95,0xcb,0x1,
  0x3,0x1,0x1,0x4,0x2,0x3,0x1,0x1,0x2,0x1,0x2a,0x68,0x2,0x25,0x18,0x1c,
  0x1c,0x14,0x17,0x13,0x12,0xd,0xb,0x6,0x6,0x6f,0x5,0x4,0xc,0xa,0x12,0x11,
  0x13,0xe,0xc,0xe,0xa,0x8,0x9,0x6,0x5,0x2,0x2,0x1,0x1,0x1,0x1,0x1,
  0x2,0x3,0x5,0x6,0x9,0x8,0xa,0xe,0xc,0xe,0x13,0x11,0x12,0xa,0xc,0x4,
  0x5,0x6f,0x6,0x5,0xc,0xd,0x12,0x13,0x17,0x18,0x18,0x18,0x1c,0x18,0x1e,0x1c,
  0x17,0x17,0x13,0x14,0x9,0xb,0x5,0x4,0x4,0x5,0xb,0xa,0x13,0x11,0x19,0x1b,
  0x18,0x1b,0x1b,0x2,0xc6,0xb8,0xb8,0x79,0x96,0x6f,0x6f,0x1d,0x7b,0xfa,0xc6,0x5,
  0xdc,0xfa,0x24,0xa4,0xa4,0x2,0xdf,0xfd,0x21,0x1,0xea,0x7,0xf,0x7,0xb,0x11,
  0x7,0xe,0x7,0x7,0xf,0x7,0xe6,0xfe,0xf4,0x5,0x5,0xb,0xc,0x12,0x11,0x18,
  0x18,0x19,0x1a,0x19,0x1,0x1,0x11,0x12,0x11,0xf,0xe,0x8,0x7,0x4,0x5,0x8,
  0x7,0xe,0x9,0x10,0x7,0xd,0x7,0x7,0xd,0x7,0x1,0x45,0x7,0xe,0x7,0x11,
  0x9,0x10,0x9,0xe,0x7,0x8,0x5,0x4,0x7,0x8,0xd,0x11,0xf,0x14,0x10,0x1,
  0x1,0x1b,0x19,0x17,0x19,0x18,0x11,0x12,0xc,0xd,0x4,0x4,0x5,0x6,0xd,0xd,
  0x16,0x19,0x16,0x18,0x1c,0x19,0x1e,0xfe,0xbb,0x1e,0x18,0x1d,0x18,0x17,0x17,0x15,
  0xe,0xf,0x4,0x6,0x8,0x1,0x90,0x1,0x4f,0xfe,0xd5,0x1,0x2b,0xfd,0x21,0xf1,
  0x35,0xfe,0xda,0x3,0x20,0xfc,0x18,0x0,0x6,0x0,0x0,0xff,0x38,0x5,0xdc,0x3,
  0x20,0x0,0x30,0x0,0x45,0x0,0x5a,0x0,0x66,0x0,0x6c,0x0,0x70,0x0,0x73,0x40,
  0x70,0x17,0x1,0x4,0x3,0x1,0x4c,0x0,0xf,0xd,0xa,0x2,0x1,0x2,0xf,0x1,
  0x67,0x9,0x1,0x2,0x8,0x1,0x3,0x4,0x2,0x3,0x69,0x7,0x1,0x4,0xc,0x6,
  0x2,0x5,0x0,0x4,0x5,0x67,0x13,0xe,0x12,0xb,0x11,0x5,0x0,0x10,0x10,0x0,
  0x57,0x13,0xe,0x12,0xb,0x11,0x5,0x0,0x0,0x10,0x5f,0x0,0x10,0x0,0x10,0x4f,
  0x67,0x67,0x5b,0x5b,0x2,0x0,0x70,0x6f,0x6e,0x6d,0x67,0x6c,0x67,0x6c,0x6b,0x6a,
  0x69,0x68,0x5b,0x66,0x5b,0x66,0x65,0x64,0x63,0x62,0x61,0x60,0x5f,0x5e,0x5d,0x5c,
  0x5a,0x58,0x49,0x46,0x45,0x43,0x34,0x31,0x2f,0x2d,0x0,0x30,0x2,0x30,0x14,0x6,
  0x16,0x2b,0x33,0x31,0x32,0x37,0x36,0x37,0x36,0x37,0x36,0x37,0x36,0x37,0x36,0x35,
  0x31,0x34,0x27,0x26,0x27,0x26,0x27,0x26,0x26,0x27,0x31,0x36,0x37,0x36,0x37,0x36,
  0x36,0x37,0x36,0x35,0x31,0x34,0x27,0x26,0x27,0x26,0x27,0x26,0x27,0x26,0x27,0x26,
  0x23,0x23,0x11,0x13,0x33,0x31,0x32,0x17,0x16,0x17,0x16,0x17,0x16,0x15,0x31,0x14,
  0x7,0x6,0x7,0x6,0x7,0x6,0x23,0x23,0x15,0x33,0x31,0x32,0x17,0x16,0x17,0x16,
  0x17,0x16,0x15,0x31,0x14,0x7,0x6,0x7,0x6,0x7,0x6,0x23,0x23,0x5,0x35,0x21,
  0x35,0x33,0x35,0x23,0x35,0x21,0x35,0x21,0x11,0x21,0x35,0x23,0x11,0x23,0x11,0x1,
  0x21,0x11,0x21,0xeb,0x1a,0x20,0x21,0x16,0x18,0x18,0x16,0xe,0xe,0x6,0x5,0x5,
  0x7,0xc,0xe,0x15,0xa,0x17,0xd,0x12,0x12,0xe,0xb,0x5,0x7,0x2,0x3,0x4,
  0x7,0x9,0xd,0x11,0x12,0x18,0x19,0x19,0x1e,0x17,0xb0,0x6f,0x41,0x12,0x13,0x12,
  0xa,0xb,0x4,0x4,0x4,0x5,0x9,0xa,0x13,0x12,0x13,0x41,0x41,0x19,0x15,0x14,
  0x11,0xe,0x8,0x6,0x6,0x8,0xe,0x11,0x15,0x18,0x15,0x41,0x3,0x3,0xfe,0xf9,
  0xce,0xce,0x1,0x7,0xfe,0x8a,0x3,0x70,0xf7,0x70,0xfb,0xc0,0x5,0xdc,0xfa,0x24,
  0x5,0x5,0xc,0xb,0x15,0x13,0x1b,0x1b,0x1b,0x20,0x1a,0x18,0x1e,0x1d,0x14,0x18,
  0x10,0x8,0xf,0x5,0xb,0x12,0xf,0x15,0xa,0x16,0xb,0x17,0x16,0x1d,0x18,0x1d,
  0x15,0x19,0x12,0x12,0xd,0xd,0x4,0x5,0xfd,0x21,0x2,0x7f,0x8,0xa,0xe,0x11,
  0x12,0x11,0x15,0x15,0x11,0x14,0xf,0x10,0x8,0x9,0x60,0x7,0x7,0x12,0x11,0x17,
  0x16,0x18,0x17,0x17,0x19,0xf,0x11,0x7,0x8,0x60,0x60,0xee,0x60,0xd1,0x60,0xfd,
  0x21,0x60,0x2,0x7f,0xfd,0x21,0x3,0x20,0xfc,0x18,0x0,0x0,0x5,0x0,0x0,0xff,
  0x38,0x3,0xe8,0x3,0x20,0x0,0x30,0x0,0x45,0x0,0x5a,0x0,0xe7,0x0,0xeb,0x0,
  0x87,0x40,0x84,0x17,0x1,0x4,0x3,0x1,0x4c,0x0,0x1,0x9,0x7,0x9,0x1,0x72,
  0x0,0x7,0x2,0x9,0x7,0x2,0x7e,0x0,0x8,0x2,0x3,0x2,0x8,0x3,0x80,0x0,
  0xb,0x4,0x5,0x4,0xb,0x5,0x80,0x0,0xa,0x5,0x0,0x5,0xa,0x0,0x80,0xe,
  0x1,0x0,0x6,0x6,0x0,0x70,0x0,0xc,0x0,0x9,0x1,0xc,0x9,0x69,0x0,0x2,
  0x0,0x3,0x4,0x2,0x3,0x69,0x0,0x4,0x0,0x5,0xa,0x4,0x5,0x69,0xf,0x1,
  0x6,0xd,0xd,0x6,0x59,0xf,0x1,0x6,0x6,0xd,0x60,0x0,0xd,0x6,0xd,0x50,
  0x5c,0x5b,0x2,0x0,0xeb,0xea,0xe9,0xe8,0xd9,0xd7,0xd0,0xcd,0xa3,0xa0,0x92,0x90,
  0x89,0x86,0x5b,0xe7,0x5c,0xe6,0x5a,0x58,0x49,0x46,0x45,0x43,0x34,0x31,0x2f,0x2d,
  0x0,0x30,0x2,0x30,0x10,0x6,0x16,0x2b,0x33,0x31,0x32,0x37,0x36,0x37,0x36,0x37,
  0x36,0x37,0x36,0x37,0x36,0x35,0x31,0x34,0x27,0x26,0x27,0x26,0x27,0x26,0x26,0x27,
  0x31,0x36,0x37,0x36,0x37,0x36,0x36,0x37,0x36,0x35,0x31,0x34,0x27,0x26,0x27,0x26,
  0x27,0x26,0x27,0x26,0x27,0x26,0x23,0x23,0x11,0x13,0x33,0x31,0x32,0x17,0x16,0x17,
  0x16,0x17,0x16,0x15,0x31,0x14,0x7,0x6,0x7,0x6,0x7,0x6,0x23,0x23,0x15,0x33,
  0x31,0x32,0x17,0x16,0x17,0x16,0x17,0x16,0x15,0x31,0x14,0x7,0x6,0x7,0x6,0x7,
  0x6,0x23,0x23,0x5,0x32,0x37,0x36,0x37,0x36,0x37,0x36,0x37,0x36,0x37,0x36,0x35,
  0x31,0x34,0x27,0x26,0x27,0x26,0x27,0x26,0x27,0x26,0x27,0x26,0x26,0x27,0x26,0x26,
  0x27,0x26,0x27,0x26,0x27,0x26,0x35,0x31,0x34,0x37,0x36,0x37,0x36,0x37,0x36,0x33,
  0x31,0x32,0x17,0x16,0x17,0x16,0x17,0x16,0x15,0x15,0x33,0x35,0x31,0x34,0x27,0x26,
  0x27,0x26,0x27,0x26,0x26,0x27,0x26,0x27,0x26,0x23,0x31,0x22,0x7,0x6,0x7,0x6,
  0x7,0x6,0x7,0x6,0x7,0x6,0x15,0x31,0x14,0x17,0x16,0x16,0x17,0x16,0x16,0x17,
  0x16,0x17,0x16,0x17,0x16,0x17,0x16,0x17,0x16,0x17,0x16,0x17,0x16,0x15,0x31,0x14,
  0x7,0x6,0x7,0x6,0x7,0x6,0x23,0x31,0x22,0x27,0x26,0x27,0x26,0x27,0x26,0x35,
  0x35,0x23,0x15,0x31,0x14,0x17,0x16,0x17,0x16,0x17,0x16,0x17,0x16,0x17,0x16,0x33,
  0x1,0x21,0x11,0x21,0xeb,0x1a,0x20,0x21,0x16,0x18,0x18,0x16,0xe,0xe,0x6,0x5,
  0x5,0x7,0xc,0xe,0x15,0xa,0x17,0xd,0x12,0x12,0xe,0xb,0x5,0x7,0x2,0x3,
  0x4,0x7,0x9,0xd,0x11,0x12,0x18,0x19,0x19,0x1e,0x17,0xb0,0x6f,0x41,0x12,0x13,
  0x12,0xa,0xb,0x4,0x4,0x4,0x5,0x9,0xa,0x13,0x12,0x13,0x41,0x41,0x19,0x15,
  0x14,0x11,0xe,0x8,0x6,0x6,0x8,0xe,0x11,0x15,0x18,0x15,0x41,0x2,0x43,0x18,
  0x1c,0x19,0x18,0x17,0x14,0x11,0xf,0xc,0x6,0x6,0x5,0x5,0xc,0xa,0x10,0xf,
  0x12,0x10,0x16,0xa,0x15,0xb,0xa,0x15,0xb,0x16,0x10,0x10,0xb,0xb,0x5,0x5,
  0xa,0xa,0x12,0xf,0x12,0x11,0x10,0x12,0x9,0xc,0x4,0x5,0x6f,0x6,0x5,0xc,
  0xb,0x13,0xa,0x14,0xb,0x16,0x1a,0x17,0x1b,0x1b,0x17,0x16,0x1a,0x18,0x11,0x13,
  0xb,0xd,0x4,0x6,0x6,0x2,0x9,0x5,0x5,0xe,0x7,0xf,0x12,0x15,0x11,0x15,
  0x14,0x13,0x18,0x16,0x10,0x12,0xa,0xa,0x5,0x6,0xc,0xe,0x10,0x11,0x13,0x12,
  0x11,0x11,0xc,0xd,0x6,0x6,0x6f,0x7,0x6,0xd,0xc,0x14,0x14,0x17,0x17,0x19,
  0x17,0x1c,0xfd,0x13,0x3,0xe8,0xfc,0x18,0x5,0x5,0xc,0xb,0x15,0x13,0x1b,0x1b,
  0x1b,0x20,0x1a,0x18,0x1e,0x1d,0x14,0x18,0x10,0x8,0xf,0x5,0xb,0x12,0xf,0x15,
  0xa,0x16,0xb,0x17,0x16,0x1d,0x18,0x1d,0x15,0x19,0x12,0x12,0xd,0xd,0x4,0x5,
  0xfd,0x21,0x2,0x7f,0x8,0xa,0xe,0x11,0x12,0x11,0x15,0x15,0x11,0x14,0xf,0x10,
  0x8,0x9,0x60,0x7,0x7,0x12,0x11,0x17,0x16,0x18,0x17,0x17,0x19,0xf,0x11,0x7,
  0x8,0x68,0x5,0x4,0xb,0xb,0x12,0xf,0x1a,0x17,0x19,0x1a,0x19,0x16,0x1b,0x15,
  0x19,0x15,0x15,0x14,0x10,0xf,0xf,0x7,0xd,0x7,0x6,0xc,0x7,0xd,0x11,0x10,
  0x18,0x18,0x17,0x11,0x12,0x12,0xd,0xd,0x8,0x7,0x6,0x8,0xc,0x10,0xd,0x12,
  0x10,0x2,0x4,0x19,0x19,0x15,0x19,0x15,0x13,0x8,0xf,0x5,0xb,0x4,0x4,0x4,
  0x4,0xc,0xd,0x11,0x15,0x14,0x18,0x18,0x19,0x19,0x19,0x18,0xc,0x17,0xb,0xb,
  0x14,0xa,0x13,0x11,0x13,0xc,0xf,0xb,0xc,0xd,0xe,0x10,0x14,0x15,0x15,0x1a,
  0x10,0x14,0x11,0xe,0xe,0x6,0x7,0x6,0x5,0xd,0xb,0x13,0x11,0x11,0x2,0x3,
  0x1b,0x18,0x19,0x16,0x16,0x11,0x11,0xa,0xa,0x5,0x4,0x3,0x28,0xfc,0x18,0x0,
  0x3,0x0,0x0,0xff,0x38,0x3,0xe8,0x3,0x20,0x0,0xb,0x0,0x13,0x0,0x17,0x0,
  0x5a,0x40,0x57,0x8,0x1,0x6,0x2,0x3,0x2,0x6,0x3,0x80,0x0,0x3,0x0,0x2,
  0x3,0x0,0x7e,0x0,0x0,0x1,0x2,0x0,0x1,0x7e,0x0,0xa,0x7,0x4,0x2,0x2,
  0x6,0xa,0x2,0x67,0xd,0x9,0xc,0x5,0x4,0x1,0xb,0xb,0x1,0x57,0xd,0x9,
  0xc,0x5,0x4,0x1,0x1,0xb,0x5f,0x0,0xb,0x1,0xb,0x4f,0xc,0xc,0x0,0x0,
  0x17,0x16,0x15,0x14,0xc,0x13,0xc,0x13,0x12,0x11,0x10,0xf,0xe,0xd,0x0,0xb,
  0x0,0xb,0x11,0x11,0x11,0x11,0x11,0xe,0x6,0x1b,0x2b,0x33,0x11,0x33,0x11,0x33,
  0x11,0x23,0x11,0x23,0x11,0x23,0x11,0x21,0x11,0x33,0x35,0x21,0x15,0x33,0x11,0x1,
  0x21,0x11,0x21,0xaa,0xa0,0x6f,0x6f,0xa0,0x6f,0x2,0xeb,0x8d,0xfe,0x76,0x8d,0xfd,
  0x4a,0x3,0xe8,0xfc,0x18,0x1,0x49,0xfe,0xb7,0x2,0xdf,0xfe,0xca,0x1,0x36,0xfd,
  0x21,0x2,0x7f,0x60,0x60,0xfd,0x81,0x3,0x20,0xfc,0x18,0x0,0x3,0x0,0x0,0xff,
  0x38,0x3,0xe8,0x3,0x20,0x0,0x5,0x0,0xf,0x0,0x13,0x0,0x56,0x40,0x53,0x0,
  0x3,0x4,0x0,0x4,0x3,0x0,0x80,0x0,0x0,0x2,0x4,0x0,0x2,0x7e,0x0,0x8,
  0x6,0x1,0x1,0x5,0x8,0x1,0x67,0x0,0x5,0x0,0x4,0x3,0x5,0x4,0x67,0xb,
  0x7,0xa,0x3,0x2,0x9,0x9,0x2,0x57,0xb,0x7,0xa,0x3,0x2,0x2,0x9,0x5f,
  0x0,0x9,0x2,0x9,0x4f,0x6,0x6,0x0,0x0,0x13,0x12,0x11,0x10,0x6,0xf,0x6,
  0xf,0xe,0xd,0xc,0xb,0xa,0x9,0x8,0x7,0x0,0x5,0x0,0x5,0x11,0x11,0xc,
  0x6,0x18,0x2b,0x21,0x35,0x23,0x11,0x23,0x11,0x21,0x11,0x33,0x35,0x23,0x35,0x33,
  0x35,0x21,0x11,0x1,0x21,0x11,0x21,0x1,0xbf,0xf7,0x70,0x2,0x64,0xb8,0xb8,0xf1,
  0xfe,0x9f,0xfd,0xb4,0x3,0xe8,0xfc,0x18,0x60,0x2,0x7f,0xfd,0x21,0x1,0x4e,0x60,
  0xd1,0x60,0xfd,0x21,0x3,0x20,0xfc,0x18,0x0,0x0,0x0,0x0,0x3,0x0,0x0,0xff,
  0x38,0x3,0xe8,0x3,0x20,0x0,0x13,0x0,0x1b,0x0,0x1f,0x0,0x43,0x40,0x40,0x9,
  0x1,0x2,0x3,0x1,0x4c,0x5,0x1,0x3,0x0,0x2,0x0,0x3,0x2,0x80,0x0,0x7,
  0x4,0x1,0x2,0x0,0x3,0x7,0x0,0x67,0x9,0x6,0x2,0x2,0x8,0x8,0x2,0x57,
  0x9,0x6,0x2,0x2,0x2,0x8,0x5f,0x0,0x8,0x2,0x8,0x4f,0x14,0x14,0x1f,0x1e,
  0x1d,0x1c,0x14,0x1b,0x14,0x1b,0x11,0x11,0x12,0x12,0x1e,0x10,0xa,0x6,0x1c,0x2b,
  0x1,0x23,0x3,0x31,0x6,0x6,0x7,0x6,0x6,0x7,0x31,0x26,0x27,0x26,0x27,0x3,
  0x23,0x17,0x13,0x33,0x21,0x11,0x33,0x35,0x21,0x15,0x33,0x11,0x1,0x21,0x11,0x21,
  0x1,0xcf,0x72,0x59,0x1,0x2,0x1,0x1,0x3,0x2,0x4,0x1,0x4,0x1,0x59,0x72,
  0x32,0x63,0x80,0x1,0xec,0x8d,0xfe,0x76,0x8d,0xfd,0x4a,0x3,0xe8,0xfc,0x18,0x2,
  0xdf,0xfe,0x16,0x7,0xe,0x7,0x7,0xf,0x7,0x11,0xc,0x11,0xb,0x1,0xea,0xf5,
  0xfe,0x16,0x2,0x7f,0x60,0x60,0xfd,0x81,0x3,0x20,0xfc,0x18,0x0,0x0,0x0,0x0,
  0x3,0x0,0x0,0xff,0x38,0x3,0xe8,0x3,0x20,0x0,0x9,0x0,0x13,0x0,0x17,0x0,
  0x54,0x40,0x51,0x5,0x1,0x0,0x1,0x4,0x1,0x0,0x4,0x80,0x0,0xa,0x8,0x1,
  0x3,0x2,0xa,0x3,0x67,0x7,0x1,0x2,0x6,0x1,0x1,0x0,0x2,0x1,0x67,0xd,
  0x9,0xc,0x3,0x4,0xb,0xb,0x4,0x57,0xd,0x9,0xc,0x3,0x4,0x4,0xb,0x5f,
  0x0,0xb,0x4,0xb,0x4f,0xa,0xa,0x0,0x0,0x17,0x16,0x15,0x14,0xa,0x13,0xa,
  0x13,0x12,0x11,0x10,0xf,0xe,0xd,0xc,0xb,0x0,0x9,0x0,0x9,0x11,0x11,0x11,
  0x11,0xe,0x6,0x1a,0x2b,0x33,0x11,0x33,0x35,0x23,0x35,0x33,0x35,0x21,0x11,0x21,
  0x11,0x33,0x35,0x23,0x35,0x33,0x35,0x21,0x11,0x1,0x21,0x11,0x21,0xc8,0xb8,0xb8,
  0xf1,0xfe,0x9f,0x2,0x64,0xb8,0xb8,0xf1,0xfe,0x9f,0xfd,0xb4,0x3,0xe8,0xfc,0x18,
  0x1,0x4e,0x60,0xd1,0x60,0xfd,0x21,0x1,0x4e,0x60,0xd1,0x60,0xfd,0x21,0x3,0x20,
  0xfc,0x18,0x0,0x0,0x4,0x0,0x0,0xff,0x38,0x3,0xe8,0x3,0x20,0x0,0x6a,0x0,
  0x89,0x0,0xab,0x0,0xaf,0x0,0x8e,0x40,0x8b,0x97,0x1,0xb,0x4,0x6c,0x1,0x8,
  0xb,0x2,0x4c,0x0,0x6,0x5,0x3,0x5,0x6,0x72,0x0,0x3,0xa,0x5,0x3,0xa,
  0x7e,0x0,0xa,0x4,0x5,0xa,0x4,0x7e,0x0,0x4,0xb,0x5,0x4,0xb,0x7e,0x0,
  0xb,0x8,0x5,0xb,0x8,0x7e,0x0,0x8,0x1,0x5,0x8,0x1,0x7e,0x0,0x1,0x2,
  0x5,0x1,0x2,0x7e,0x0,0x2,0x7,0x5,0x2,0x7,0x7e,0xf,0x9,0x2,0x7,0x0,
  0x0,0x7,0x70,0x0,0xc,0x0,0x5,0x6,0xc,0x5,0x69,0xe,0x1,0x0,0xd,0xd,
  0x0,0x59,0xe,0x1,0x0,0x0,0xd,0x60,0x0,0xd,0x0,0xd,0x50,0x6b,0x6b,0x1,
  0x0,0xaf,0xae,0xad,0xac,0xab,0xa9,0x8d,0x8a,0x6b,0x89,0x6b,0x89,0x88,0x87,0x86,
  0x85,0x84,0x82,0x51,0x4e,0x41,0x3f,0x38,0x35,0x1a,0x17,0xe,0xc,0x0,0x6a,0x1,
  0x69,0x10,0x6,0x16,0x2b,0x17,0x32,0x37,0x36,0x37,0x36,0x37,0x36,0x37,0x36,0x37,
  0x36,0x35,0x35,0x23,0x15,0x31,0x14,0x7,0x6,0x7,0x6,0x7,0x6,0x23,0x31,0x22,
  0x27,0x26,0x27,0x26,0x27,0x26,0x27,0x26,0x26,0x27,0x26,0x26,0x35,0x11,0x31,0x34,
  0x36,0x37,0x36,0x37,0x36,0x37,0x36,0x37,0x36,0x37,0x36,0x33,0x31,0x32,0x17,0x16,
  0x17,0x16,0x17,0x16,0x15,0x15,0x33,0x35,0x31,0x34,0x27,0x26,0x27,0x26,0x27,0x26,
  0x27,0x26,0x27,0x26,0x23,0x31,0x22,0x7,0x6,0x7,0x6,0x7,0x6,0x7,0x6,0x7,
  0x6,0x15,0x11,0x31,0x14,0x17,0x16,0x17,0x16,0x17,0x16,0x17,0x16,0x17,0x16,0x33,
  0x25,0x3,0x31,0x36,0x37,0x36,0x37,0x36,0x37,0x36,0x35,0x31,0x34,0x27,0x26,0x26,
  0x27,0x26,0x27,0x26,0x27,0x26,0x27,0x26,0x23,0x23,0x11,0x33,0x11,0x33,0x13,0x3,
  0x33,0x31,0x32,0x17,0x16,0x17,0x16,0x17,0x16,0x16,0x17,0x16,0x17,0x16,0x14,0x15,
  0x31,0x14,0x14,0x7,0x6,0x6,0x7,0x6,0x6,0x7,0x6,0x7,0x6,0x7,0x6,0x23,
  0x23,0x1,0x21,0x11,0x21,0xf7,0x18,0x1c,0x1b,0x15,0x17,0x13,0x12,0xd,0xb,0x6,
  0x6,0x6f,0x5,0x4,0xc,0xa,0x12,0x11,0x13,0xe,0xc,0xe,0xa,0x8,0x9,0x6,
  0x5,0x2,0x2,0x1,0x1,0x1,0x1,0x1,0x2,0x3,0x5,0x6,0x9,0x8,0xa,0xe,
  0xc,0xe,0x13,0x11,0x12,0xa,0xc,0x4,0x5,0x6f,0x6,0x5,0xc,0xd,0x12,0x13,
  0x17,0x18,0x18,0x17,0x1d,0x18,0x1e,0x1c,0x17,0x17,0x13,0x14,0x9,0xb,0x5,0x4,
  0x4,0x5,0xb,0xa,0x13,0x11,0x19,0x1b,0x18,0x1b,0x1b,0x2,0xce,0x87,0x1b,0x1c,
  0x18,0xf,0xe,0x6,0x5,0x4,0x2,0x7,0x5,0xb,0x10,0x11,0x19,0x17,0x1c,0x1c,
  0x1c,0xc4,0x6f,0x2e,0x82,0xb0,0x55,0xd,0xf,0xd,0xa,0xa,0x6,0x3,0x5,0x2,
  0x4,0x1,0x1,0x1,0x1,0x2,0x2,0x2,0x5,0x3,0x6,0xa,0xb,0xc,0xd,0xf,
  0x55,0xfd,0x62,0x3,0xe8,0xfc,0x18,0x8,0x5,0x5,0xb,0xc,0x12,0x11,0x18,0x18,
  0x19,0x1a,0x19,0x1,0x1,0x11,0x12,0x11,0xf,0xe,0x8,0x7,0x4,0x5,0x8,0x7,
  0xe,0x9,0x10,0x7,0xd,0x7,0x7,0xd,0x7,0x1,0x45,0x7,0xe,0x7,0x11,0x9,
  0x10,0x9,0xe,0x7,0x8,0x5,0x4,0x7,0x8,0xd,0x11,0xf,0x14,0x10,0x1,0x1,
  0x1b,0x19,0x17,0x19,0x18,0x11,0x12,0xc,0xd,0x4,0x4,0x5,0x6,0xd,0xd,0x16,
  0x19,0x16,0x18,0x1c,0x19,0x1e,0xfe,0xbb,0x1e,0x18,0x1d,0x18,0x17,0x17,0x15,0xe,
  0xf,0x4,0x6,0x8,0x1,0x2b,0xa,0x18,0x17,0x1d,0x1e,0x1f,0x23,0x1e,0x1f,0x19,
  0xe,0x1b,0xd,0x1c,0x15,0x16,0xf,0xe,0x8,0x6,0xfd,0x21,0x1,0x1f,0xfe,0xe1,
  0x2,0x7f,0x5,0x6,0xa,0xa,0xd,0x7,0xd,0x7,0x11,0xb,0x7,0xf,0x7,0x7,
  0xe,0x7,0x7,0xe,0x7,0x7,0xd,0x7,0xe,0xa,0xb,0x4,0x6,0x1,0xa1,0xfc,
  0x18,0x0,0x0,0x0,0x4,0x0,0x0,0xff,0x38,0x3,0xe8,0x3,0x20,0x0,0x8c,0x0,
  0xc3,0x0,0xfe,0x1,0x2,0x0,0x0,0x17,0x32,0x37,0x36,0x37,0x36,0x37,0x36,0x37,
  0x36,0x37,0x36,0x35,0x31,0x34,0x27,0x26,0x27,0x26,0x27,0x26,0x27,0x26,0x27,0x26,
  0x26,0x27,0x26,0x26,0x27,0x26,0x27,0x26,0x27,0x26,0x35,0x31,0x34,0x37,0x36,0x37,
  0x36,0x37,0x36,0x33,0x31,0x32,0x17,0x16,0x17,0x16,0x17,0x16,0x15,0x15,0x33,0x35,
  0x31,0x34,0x27,0x26,0x27,0x26,0x27,0x26,0x26,0x27,0x26,0x27,0x26,0x23,0x31,0x22,
  0x7,0x6,0x7,0x6,0x7,0x6,0x7,0x6,0x7,0x6,0x15,0x31,0x14,0x17,0x16,0x16,
  0x17,0x16,0x16,0x17,0x16,0x17,0x16,0x17,0x16,0x17,0x16,0x17,0x16,0x17,0x16,0x17,
  0x16,0x15,0x31,0x14,0x7,0x6,0x7,0x6,0x7,0x6,0x23,0x31,0x22,0x27,0x26,0x27,
  0x26,0x27,0x26,0x35,0x35,0x23,0x15,0x31,0x14,0x17,0x16,0x17,0x16,0x17,0x16,0x17,
  0x16,0x17,0x16,0x33,0x21,0x32,0x37,0x36,0x37,0x36,0x37,0x36,0x37,0x36,0x36,0x37,
  0x36,0x35,0x11,0x31,0x34,0x27,0x26,0x27,0x26,0x27,0x26,0x27,0x26,0x27,0x26,0x23,
  0x31,0x22,0x7,0x6,0x7,0x6,0x7,0x6,0x7,0x6,0x7,0x6,0x15,0x11,0x31,0x14,
  0x17,0x16,0x17,0x16,0x17,0x16,0x17,0x16,0x17,0x16,0x33,0x35,0x22,0x27,0x26,0x27,
  0x26,0x27,0x26,0x26,0x27,0x26,0x27,0x26,0x26,0x35,0x11,0x31,0x34,0x36,0x37,0x36,
  0x37,0x36,0x37,0x36,0x37,0x36,0x37,0x36,0x33,0x31,0x32,0x17,0x16,0x17,0x16,0x17,
  0x16,0x17,0x16,0x17,0x16,0x14,0x15,0x11,0x31,0x14,0x14,0x7,0x6,0x7,0x6,0x7,
  0x6,0x7,0x6,0x7,0x6,0x23,0x1,0x21,0x11,0x21,0xf9,0x18,0x1c,0x19,0x18,0x17,
  0x14,0x13,0xd,0xc,0x6,0x6,0x5,0x5,0xc,0xa,0x10,0xf,0x12,0x10,0x16,0xa,
  0x15,0xb,0xa,0x15,0xb,0x16,0x10,0x10,0xb,0xb,0x5,0x5,0xa,0xa,0x12,0xf,
  0x12,0x11,0x10,0x12,0x9,0xc,0x4,0x5,0x6f,0x6,0x5,0xc,0xb,0x13,0xa,0x14,
  0xb,0x16,0x1a,0x17,0x1b,0x1b,0x17,0x16,0x1a,0x18,0x11,0x13,0xb,0xd,0x4,0x6,
  0x6,0x2,0x9,0x5,0x5,0xe,0x7,0xf,0x12,0x15,0x11,0x15,0x14,0x13,0x18,0x16,
  0x10,0x12,0xa,0xa,0x5,0x6,0xc,0xe,0x10,0x11,0x13,0x12,0x11,0x11,0xc,0xd,
  0x6,0x6,0x6f,0x7,0x6,0xd,0xc,0x14,0x14,0x17,0x17,0x19,0x17,0x1c,0x1,0xf5,
  0x1c,0x1c,0x18,0x1b,0x18,0x13,0x13,0xa,0x5,0x9,0x2,0x4,0x4,0x4,0xc,0xa,
  0x13,0x15,0x16,0x17,0x1c,0x20,0x18,0x19,0x1e,0x1d,0x17,0x17,0x13,0x14,0xa,0xa,
  0x5,0x5,0x5,0x4,0xb,0xb,0x13,0x11,0x19,0x1b,0x19,0x1b,0x1c,0xf,0xc,0xe,
  0xa,0xa,0x8,0x4,0x5,0x2,0x4,0x2,0x1,0x1,0x1,0x1,0x2,0x4,0x5,0x6,
  0x8,0xa,0xa,0xe,0xc,0xf,0x10,0xc,0x10,0x8,0xa,0x7,0x8,0x4,0x5,0x1,
  0x1,0x1,0x1,0x5,0x5,0x7,0x9,0x8,0xc,0xc,0xc,0x10,0xfd,0x12,0x3,0xe8,
  0xfc,0x18,0x8,0x5,0x4,0xb,0xb,0x12,0x13,0x16,0x17,0x19,0x1a,0x19,0x16,0x1b,
  0x15,0x19,0x15,0x15,0x14,0x10,0xf,0xf,0x7,0xd,0x7,0x6,0xc,0x7,0xd,0x11,
  0x10,0x18,0x18,0x17,0x11,0x12,0x12,0xd,0xd,0x8,0x7,0x6,0x8,0xc,0x10,0xd,
  0x12,0x10,0x2,0x4,0x19,0x19,0x15,0x19,0x15,0x13,0x8,0xf,0x5,0xb,0x4,0x4,
  0x4,0x4,0xc,0xd,0x11,0x15,0x14,0x18,0x18,0x19,0x19,0x19,0x18,0xc,0x17,0xb,
  0xb,0x14,0xa,0x13,0x11,0x13,0xc,0xf,0xb,0xc,0xd,0xe,0x10,0x14,0x15,0x15,
  0x1a,0x10,0x14,0x11,0xe,0xe,0x6,0x7,0x6,0x5,0xd,0xb,0x13,0x11,0x11,0x2,
  0x3,0x1b,0x18,0x19,0x16,0x16,0x11,0x11,0xa,0xa,0x5,0x4,0x6,0x4,0xf,0xd,
  0x15,0x16,0x19,0xd,0x1a,0xd,0x18,0x1f,0x1,0x45,0x1f,0x18,0x18,0x1d,0x17,0x17,
  0x17,0xc,0xd,0x6,0x5,0x5,0x6,0xd,0xd,0x16,0x15,0x19,0x19,0x1c,0x1e,0x19,
  0xfe,0xbb,0x19,0x1e,0x1a,0x1a,0x1a,0x15,0x14,0xe,0xf,0x4,0x6,0x60,0x4,0x5,
  0x8,0x9,0xc,0x5,0xd,0x7,0xe,0xd,0x7,0xd,0x7,0x1,0x45,0x7,0xe,0x7,
  0xe,0xd,0x10,0x9,0xc,0x8,0x8,0x5,0x4,0x4,0x6,0x7,0x9,0xb,0xd,0xc,
  0xd,0xe,0x7,0xe,0x7,0xfe,0xbb,0x7,0xd,0x7,0xd,0xe,0xf,0xa,0xe,0x7,
  0x9,0x4,0x4,0x2,0xc8,0xfc,0x18,0x0,0x3,0x0,0x0,0xff,0x38,0x3,0xe8,0x3,
  0x20,0x0,0x8c,0x0,0x98,0x0,0x9c,0x0,0x7e,0x40,0x7b,0x0,0x8,0x3,0x1,0x3,
  0x8,0x72,0x0,0x1,0x7,0x3,0x1,0x7,0x7e,0x9,0x1,0x7,0x2,0x3,0x7,0x2,
  0x7e,0x0,0x2,0x5,0x3,0x2,0x5,0x7e,0x0,0x5,0x6,0x3,0x5,0x6,0x7e,0xa,
  0x1,0x6,0x4,0x3,0x6,0x4,0x7e,0x0,0x4,0xb,0x3,0x4,0xb,0x7e,0xf,0x1,
  0xb,0x0,0x0,0xb,0x70,0x0,0xc,0x0,0x3,0x8,0xc,0x3,0x69,0xe,0x1,0x0,
  0xd,0xd,0x0,0x59,0xe,0x1,0x0,0x0,0xd,0x60,0x0,0xd,0x0,0xd,0x50,0x8d,
  0x8d,0x1,0x0,0x9c,0x9b,0x9a,0x99,0x8d,0x98,0x8d,0x98,0x97,0x96,0x95,0x94,0x93,
  0x92,0x91,0x90,0x8f,0x8e,0x7e,0x7c,0x75,0x72,0x48,0x45,0x37,0x35,0x2e,0x2b,0x0,
  0x8c,0x1,0x8b,0x10,0x6,0x16,0x2b,0x17,0x32,0x37,0x36,0x37,0x36,0x37,0x36,0x37,
  0x36,0x37,0x36,0x35,0x31,0x34,0x27,0x26,0x27,0x26,0x27,0x26,0x27,0x26,0x27,0x26,
  0x26,0x27,0x26,0x26,0x27,0x26,0x27,0x26,0x27,0x26,0x35,0x31,0x34,0x37,0x36,0x37,
  0x36,0x37,0x36,0x33,0x31,0x32,0x17,0x16,0x17,0x16,0x17,0x16,0x15,0x15,0x33,0x35,
  0x31,0x34,0x27,0x26,0x27,0x26,0x27,0x26,0x26,0x27,0x26,0x27,0x26,0x23,0x31,0x22,
  0x7,0x6,0x7,0x6,0x7,0x6,0x7,0x6,0x7,0x6,0x15,0x31,0x14,0x17,0x16,0x16,
  0x17,0x16,0x16,0x17,0x16,0x17,0x16,0x17,0x16,0x17,0x16,0x17,0x16,0x17,0x16,0x17,
  0x16,0x15,0x31,0x14,0x7,0x6,0x7,0x6,0x7,0x6,0x23,0x31,0x22,0x27,0x26,0x27,
  0x26,0x27,0x26,0x35,0x35,0x23,0x15,0x31,0x14,0x17,0x16,0x17,0x16,0x17,0x16,0x17,
  0x16,0x17,0x16,0x33,0x25,0x35,0x23,0x11,0x33,0x35,0x21,0x15,0x33,0x11,0x23,0x15,
  0x1,0x21,0x11,0x21,0xf9,0x18,0x1c,0x19,0x18,0x17,0x14,0x13,0xd,0xc,0x6,0x6,
  0x5,0x5,0xc,0xa,0x10,0xf,0x12,0x10,0x16,0xa,0x15,0xb,0xa,0x15,0xb,0x16,
  0x10,0x10,0xb,0xb,0x5,0x5,0xa,0xa,0x12,0xf,0x12,0x11,0x10,0x12,0x9,0xc,
  0x4,0x5,0x6f,0x6,0x5,0xc,0xb,0x13,0xa,0x14,0xb,0x16,0x1a,0x17,0x1b,0x1b,
  0x17,0x16,0x1a,0x18,0x11,0x13,0xb,0xd,0x4,0x6,0x6,0x2,0x9,0x5,0x5,0xe,
  0x7,0xf,0x12,0x15,0x11,0x15,0x14,0x13,0x18,0x16,0x10,0x12,0xa,0xa,0x5,0x6,
  0xc,0xe,0x10,0x11,0x13,0x12,0x11,0x11,0xc,0xd,0x6,0x6,0x6f,0x7,0x6,0xd,
  0xc,0x14,0x14,0x17,0x17,0x19,0x17,0x1c,0x2,0xa4,0x77,0x77,0xfe,0xa2,0x77,0x77,
  0xfd,0xc1,0x3,0xe8,0xfc,0x18,0x8,0x5,0x4,0xb,0xb,0x12,0x13,0x16,0x17,0x19,
  0x1a,0x19,0x16,0x1b,0x15,0x19,0x15,0x15,0x14,0x10,0xf,0xf,0x7,0xd,0x7,0x6,
  0xc,0x7,0xd,0x11,0x10,0x18,0x18,0x17,0x11,0x12,0x12,0xd,0xd,0x8,0x7,0x6,
  0x8,0xc,0x10,0xd,0x12,0x10,0x2,0x4,0x19,0x19,0x15,0x19,0x15,0x13,0x8,0xf,
  0x5,0xb,0x4,0x4,0x4,0x4,0xc,0xd,0x11,0x15,0x14,0x18,0x18,0x19,0x19,0x19,
  0x18,0xc,0x17,0xb,0xb,0x14,0xa,0x13,0x11,0x13,0xc,0xf,0xb,0xc,0xd,0xe,
  0x10,0x14,0x15,0x15,0x1a,0x10,0x14,0x11,0xe,0xe,0x6,0x7,0x6,0x5,0xd,0xb,
  0x13,0x11,0x11,0x2,0x3,0x1b,0x18,0x19,0x16,0x16,0x11,0x11,0xa,0xa,0x5,0x4,
  0x8,0x60,0x2,0x1f,0x60,0x60,0xfd,0xe1,0x60,0x3,0x20,0xfc,0x18,0x0,0x0,0x0,
  0x5,0x0,0x0,0xff,0x38,0x5,0xdc,0x3,0x20,0x0,0x20,0x0,0x3e,0x0,0x44,0x0,
  0x50,0x0,0x54,0x0,0x67,0x40,0x64,0x0,0xd,0xb,0x5,0x2,0x1,0x2,0xd,0x1,
  0x67,0xa,0x1,0x2,0x0,0x9,0x8,0x2,0x9,0x67,0x0,0x8,0x7,0x4,0x2,0x3,
  0x0,0x8,0x3,0x67,0x11,0xc,0x10,0x6,0xf,0x5,0x0,0xe,0xe,0x0,0x57,0x11,
  0xc,0x10,0x6,0xf,0x5,0x0,0x0,0xe,0x5f,0x0,0xe,0x0,0xe,0x4f,0x45,0x45,
  0x3f,0x3f,0x2,0x0,0x54,0x53,0x52,0x51,0x45,0x50,0x45,0x50,0x4f,0x4e,0x4d,0x4c,
  0x4b,0x4a,0x49,0x48,0x47,0x46,0x3f,0x44,0x3f,0x44,0x43,0x42,0x41,0x40,0x3e,0x3c,
  0x24,0x21,0x1f,0x1d,0x0,0x20,0x2,0x20,0x12,0x6,0x16,0x2b,0x33,0x31,0x32,0x36,
  0x37,0x36,0x37,0x36,0x37,0x36,0x37,0x36,0x37,0x36,0x35,0x11,0x31,0x34,0x26,0x27,
  0x26,0x27,0x26,0x27,0x26,0x27,0x26,0x27,0x26,0x26,0x23,0x23,0x11,0x13,0x33,0x31,
  0x32,0x17,0x16,0x17,0x16,0x17,0x16,0x17,0x16,0x17,0x16,0x15,0x11,0x31,0x14,0x7,
  0x6,0x7,0x6,0x7,0x6,0x7,0x6,0x7,0x6,0x23,0x23,0x5,0x35,0x23,0x11,0x23,
  0x11,0x21,0x35,0x21,0x35,0x33,0x35,0x23,0x35,0x21,0x35,0x21,0x11,0x1,0x21,0x11,
  0x21,0xd7,0x10,0x1e,0x10,0x1d,0x1d,0x1e,0x15,0x18,0xe,0xe,0x6,0x5,0x3,0x2,
  0x5,0xf,0xe,0x18,0x15,0x1e,0x1d,0x1d,0x10,0x1e,0x10,0x9c,0x6f,0x2d,0x12,0x10,
  0x12,0xe,0xe,0xc,0xb,0x7,0x7,0x3,0x3,0x3,0x3,0x7,0x7,0xb,0xc,0xe,
  0x10,0x10,0xf,0x13,0x2d,0x3,0x9,0xf7,0x70,0x3,0x55,0xfe,0xf9,0xce,0xce,0x1,
  0x7,0xfe,0x8a,0xfb,0xd5,0x5,0xdc,0xfa,0x24,0x3,0x2,0x4,0xe,0xe,0x15,0x16,
  0x1b,0x1d,0x1d,0x21,0x1c,0x1,0x1b,0x10,0x1e,0x10,0x1b,0x1f,0x19,0x18,0x14,0xe,
  0xe,0x4,0x2,0x3,0xfd,0x21,0x2,0x7f,0x3,0x5,0x7,0x7,0xd,0xe,0xe,0xf,
  0x12,0x10,0x12,0xfe,0xe5,0x11,0x11,0x13,0xd,0xf,0xd,0xd,0x8,0x8,0x3,0x4,
  0x60,0x60,0x2,0x7f,0xfd,0x21,0x60,0xee,0x60,0xd1,0x60,0xfd,0x21,0x3,0x20,0xfc,
  0x18,0x0,0x0,0x0,0x5,0x0,0x0,0xff,0x38,0x5,0xdc,0x3,0x20,0x0,0x20,0x0,
  0x3e,0x0,0xa9,0x0,0xb0,0x0,0xb4,0x0,0x8e,0x40,0x8b,0xaf,0xad,0x2,0x8,0x2,
  0xae,0x1,0x5,0x8,0x2,0x4c,0xa,0x1,0x1,0x9,0x7,0x9,0x1,0x72,0x0,0x7,
  0x2,0x9,0x7,0x2,0x7e,0x0,0x2,0x8,0x9,0x2,0x8,0x7e,0x0,0x8,0x5,0x9,
  0x8,0x5,0x7e,0x0,0x5,0x3,0x9,0x5,0x3,0x7e,0x0,0x3,0x6,0x9,0x3,0x6,
  0x7e,0x0,0x6,0x0,0x9,0x6,0x0,0x7e,0x10,0xb,0xe,0x3,0x0,0x4,0x4,0x0,
  0x70,0x0,0xc,0x0,0x9,0x1,0xc,0x9,0x69,0xf,0x1,0x4,0xd,0xd,0x4,0x59,
  0xf,0x1,0x4,0x4,0xd,0x60,0x0,0xd,0x4,0xd,0x50,0xaa,0xaa,0x40,0x3f,0x2,
  0x0,0xb4,0xb3,0xb2,0xb1,0xaa,0xb0,0xaa,0xb0,0xac,0xab,0x90,0x8d,0x80,0x7e,0x77,
  0x74,0x59,0x56,0x4d,0x4b,0x3f,0xa9,0x40,0xa8,0x3e,0x3c,0x24,0x21,0x1f,0x1d,0x0,
  0x20,0x2,0x20,0x11,0x6,0x16,0x2b,0x33,0x31,0x32,0x36,0x37,0x36,0x37,0x36,0x37,
  0x36,0x37,0x36,0x37,0x36,0x35,0x11,0x31,0x34,0x26,0x27,0x26,0x27,0x26,0x27,0x26,
  0x27,0x26,0x27,0x26,0x26,0x23,0x23,0x11,0x13,0x33,0x31,0x32,0x17,0x16,0x17,0x16,
  0x17,0x16,0x17,0x16,0x17,0x16,0x15,0x11,0x31,0x14,0x7,0x6,0x7,0x6,0x7,0x6,
  0x7,0x6,0x7,0x6,0x23,0x23,0x5,0x32,0x37,0x36,0x37,0x36,0x37,0x36,0x37,0x36,
  0x37,0x36,0x35,0x35,0x23,0x15,0x31,0x14,0x7,0x6,0x7,0x6,0x7,0x6,0x23,0x31,
  0x22,0x27,0x26,0x27,0x26,0x27,0x26,0x27,0x26,0x26,0x27,0x26,0x26,0x35,0x11,0x31,
  0x34,0x36,0x37,0x36,0x37,0x36,0x37,0x36,0x37,0x36,0x37,0x36,0x33,0x31,0x32,0x17,
  0x16,0x17,0x16,0x17,0x16,0x15,0x15,0x33,0x35,0x31,0x34,0x27,0x26,0x27,0x26,0x27,
  0x26,0x27,0x26,0x27,0x26,0x23,0x31,0x22,0x7,0x6,0x7,0x6,0x7,0x6,0x7,0x6,
  0x7,0x6,0x15,0x11,0x31,0x14,0x17,0x16,0x17,0x16,0x17,0x16,0x17,0x16,0x17,0x16,
  0x33,0x25,0x11,0x23,0x7,0x17,0x37,0x11,0x1,0x21,0x11,0x21,0xd7,0x10,0x1e,0x10,
  0x1d,0x1d,0x1e,0x15,0x18,0xe,0xe,0x6,0x5,0x3,0x2,0x5,0xf,0xe,0x18,0x15,
  0x1e,0x1d,0x1d,0x10,0x1e,0x10,0x9c,0x6f,0x2d,0x12,0x10,0x12,0xe,0xe,0xc,0xb,
  0x7,0x7,0x3,0x3,0x3,0x3,0x7,0x7,0xb,0xc,0xe,0x10,0x10,0xf,0x13,0x2d,
  0x2,0x41,0x18,0x1c,0x1c,0x14,0x17,0x13,0x12,0xd,0xb,0x6,0x6,0x6f,0x5,0x4,
  0xc,0xa,0x12,0x11,0x13,0xe,0xc,0xe,0xa,0x8,0x9,0x6,0x5,0x2,0x2,0x1,
  0x1,0x1,0x1,0x1,0x2,0x3,0x5,0x6,0x9,0x8,0xa,0xe,0xc,0xe,0x13,0x11,
  0x12,0xa,0xc,0x4,0x5,0x6f,0x6,0x5,0xc,0xd,0x12,0x13,0x17,0x18,0x18,0x18,
  0x1c,0x18,0x1e,0x1c,0x17,0x17,0x13,0x14,0x9,0xb,0x5,0x4,0x4,0x5,0xb,0xa,
  0x13,0x11,0x19,0x1b,0x18,0x1b,0x1b,0x2,0x4d,0x70,0xaa,0x37,0x73,0xfb,0x38,0x5,
  0xdc,0xfa,0x24,0x3,0x2,0x4,0xe,0xe,0x15,0x16,0x1b,0x1d,0x1d,0x21,0x1c,0x1,
  0x1b,0x10,0x1e,0x10,0x1b,0x1f,0x19,0x18,0x14,0xe,0xe,0x4,0x2,0x3,0xfd,0x21,
  0x2,0x7f,0x3,0x5,0x7,0x7,0xd,0xe,0xe,0xf,0x12,0x10,0x12,0xfe,0xe5,0x11,
  0x11,0x13,0xd,0xf,0xd,0xd,0x8,0x8,0x3,0x4,0x68,0x5,0x5,0xb,0xc,0x12,
  0x11,0x18,0x18,0x19,0x1a,0x19,0x1,0x1,0x11,0x12,0x11,0xf,0xe,0x8,0x7,0x4,
  0x5,0x8,0x7,0xe,0x9,0x10,0x7,0xd,0x7,0x7,0xd,0x7,0x1,0x45,0x7,0xe,
  0x7,0x11,0x9,0x10,0x9,0xe,0x7,0x8,0x5,0x4,0x7,0x8,0xd,0x11,0xf,0x14,
  0x10,0x1,0x1,0x1b,0x19,0x17,0x19,0x18,0x11,0x12,0xc,0xd,0x4,0x4,0x5,0x6,
  0xd,0xd,0x16,0x19,0x16,0x18,0x1c,0x19,0x1e,0xfe,0xbb,0x1e,0x18,0x1d,0x18,0x17,
  0x17,0x15,0xe,0xf,0x4,0x6,0x8,0x2,0xdf,0x88,0x3b,0x5c,0xfd,0x88,0x3,0x20,
  0xfc,0x18,0x0,0x0,0x5,0x0,0x0,0xff,0x38,0x5,0xdc,0x3,0x20,0x0,0x20,0x0,
  0x3e,0x0,0xa9,0x1,0x15,0x1,0x19,0x0,0x0,0x33,0x31,0x32,0x36,0x37,0x36,0x37,
  0x36,0x37,0x36,0x37,0x36,0x37,0x36,0x35,0x11,0x31,0x34,0x26,0x27,0x26,0x27,0x26,
  0x27,0x26,0x27,0x26,0x27,0x26,0x26,0x23,0x23,0x11,0x13,0x33,0x31,0x32,0x17,0x16,
  0x17,0x16,0x17,0x16,0x17,0x16,0x17,0x16,0x15,0x11,0x31,0x14,0x7,0x6,0x7,0x6,
  0x7,0x6,0x7,0x6,0x7,0x6,0x23,0x23,0x5,0x32,0x37,0x36,0x37,0x36,0x37,0x36,
  0x37,0x36,0x37,0x36,0x35,0x35,0x23,0x15,0x31,0x14,0x7,0x6,0x7,0x6,0x7,0x6,
  0x23,0x31,0x22,0x27,0x26,0x27,0x26,0x27,0x26,0x27,0x26,0x26,0x27,0x26,0x26,0x35,
  0x11,0x31,0x34,0x36,0x37,0x36,0x37,0x36,0x37,0x36,0x37,0x36,0x37,0x36,0x33,0x31,
  0x32,0x17,0x16,0x17,0x16,0x17,0x16,0x15,0x15,0x33,0x35,0x31,0x34,0x27,0x26,0x27,
  0x26,0x27,0x26,0x27,0x26,0x27,0x26,0x23,0x31,0x22,0x7,0x6,0x7,0x6,0x7,0x6,
  0x7,0x6,0x7,0x6,0x15,0x11,0x31,0x14,0x17,0x16,0x17,0x16,0x17,0x16,0x17,0x16,
  0x17,0x16,0x33,0x25,0x35,0x21,0x31,0x36,0x36,0x37,0x36,0x37,0x36,0x36,0x37,0x36,
  0x36,0x37,0x36,0x37,0x36,0x37,0x36,0x37,0x36,0x35,0x31,0x34,0x27,0x26,0x27,0x26,
  0x27,0x26,0x27,0x26,0x27,0x26,0x23,0x31,0x22,0x7,0x6,0x7,0x6,0x7,0x6,0x7,
  0x6,0x7,0x6,0x15,0x15,0x33,0x35,0x31,0x34,0x37,0x36,0x37,0x36,0x37,0x36,0x33,
  0x31,0x32,0x17,0x16,0x17,0x16,0x16,0x17,0x16,0x17,0x16,0x17,0x16,0x14,0x15,0x31,
  0x14,0x7,0x6,0x7,0x6,0x7,0x6,0x6,0x7,0x6,0x6,0x7,0x6,0x7,0x6,0x6,
  0x7,0x6,0x7,0x6,0x7,0x6,0x6,0x7,0x6,0x6,0x7,0x6,0x14,0x15,0x15,0x1,
  0x21,0x11,0x21,0xd7,0x10,0x1e,0x10,0x1d,0x1d,0x1e,0x15,0x18,0xe,0xe,0x6,0x5,
  0x3,0x2,0x5,0xf,0xe,0x18,0x15,0x1e,0x1d,0x1d,0x10,0x1e,0x10,0x9c,0x6f,0x2d,
  0x12,0x10,0x12,0xe,0xe,0xc,0xb,0x7,0x7,0x3,0x3,0x3,0x3,0x7,0x7,0xb,
  0xc,0xe,0x10,0x10,0xf,0x13,0x2d,0x2,0x41,0x18,0x1c,0x1c,0x14,0x17,0x13,0x12,
  0xd,0xb,0x6,0x6,0x6f,0x5,0x4,0xc,0xa,0x12,0x11,0x13,0xe,0xc,0xe,0xa,
  0x8,0x9,0x6,0x5,0x2,0x2,0x1,0x1,0x1,0x1,0x1,0x2,0x3,0x5,0x6,0x9,
  0x8,0xa,0xe,0xc,0xe,0x13,0x11,0x12,0xa,0xc,0x4,0x5,0x6f,0x6,0x5,0xc,
  0xd,0x12,0x13,0x17,0x18,0x18,0x18,0x1c,0x18,0x1e,0x1c,0x17,0x17,0x13,0x14,0x9,
  0xb,0x5,0x4,0x4,0x5,0xb,0xa,0x13,0x11,0x19,0x1b,0x18,0x1b,0x1b,0x2,0xb6,
  0xfe,0xf8,0x2,0xa,0x7,0xe,0x13,0xa,0x15,0xc,0xc,0x18,0xd,0x17,0x1a,0x18,
  0x11,0x11,0x9,0x8,0x4,0x4,0xb,0xa,0x13,0x12,0x17,0x17,0x1c,0x1e,0x18,0x1c,
  0x17,0x16,0x1a,0x18,0x11,0x14,0xb,0xd,0x4,0x6,0x6f,0x5,0x4,0xc,0xb,0x10,
  0xf,0x14,0xe,0xc,0xd,0xa,0x5,0x8,0x4,0x5,0x5,0x5,0x1,0x1,0x7,0x7,
  0x10,0x12,0x12,0xa,0x14,0xb,0xa,0x14,0xa,0x14,0x11,0x8,0x10,0x7,0x11,0x9,
  0xb,0x7,0x4,0x4,0x2,0x2,0x2,0x1,0x1,0xfb,0xdd,0x5,0xdc,0xfa,0x24,0x3,
  0x2,0x4,0xe,0xe,0x15,0x16,0x1b,0x1d,0x1d,0x21,0x1c,0x1,0x1b,0x10,0x1e,0x10,
  0x1b,0x1f,0x19,0x18,0x14,0xe,0xe,0x4,0x2,0x3,0xfd,0x21,0x2,0x7f,0x3,0x5,
  0x7,0x7,0xd,0xe,0xe,0xf,0x12,0x10,0x12,0xfe,0xe5,0x11,0x11,0x13,0xd,0xf,
  0xd,0xd,0x8,0x8,0x3,0x4,0x68,0x5,0x5,0xb,0xc,0x12,0x11,0x18,0x18,0x19,
  0x1a,0x19,0x1,0x1,0x11,0x12,0x11,0xf,0xe,0x8,0x7,0x4,0x5,0x8,0x7,0xe,
  0x9,0x10,0x7,0xd,0x7,0x7,0xd,0x7,0x1,0x45,0x7,0xe,0x7,0x11,0x9,0x10,
  0x9,0xe,0x7,0x8,0x5,0x4,0x7,0x8,0xd,0x11,0xf,0x14,0x10,0x1,0x1,0x1b,
  0x19,0x17,0x19,0x18,0x11,0x12,0xc,0xd,0x4,0x4,0x5,0x6,0xd,0xd,0x16,0x19,
  0x16,0x18,0x1c,0x19,0x1e,0xfe,0xbb,0x1e,0x18,0x1d,0x18,0x17,0x17,0x15,0xe,0xf,
  0x4,0x6,0x8,0x60,0x11,0x1f,0x10,0x1e,0x1b,0xd,0x19,0xb,0xb,0x17,0xa,0x13,
  0x1a,0x16,0x1e,0x1e,0x1e,0x22,0x1f,0x1e,0x19,0x1a,0x1a,0x17,0x16,0x15,0xe,0xd,
  0x6,0x5,0x4,0x4,0xc,0xd,0x11,0x14,0x15,0x18,0x18,0x19,0x1a,0x2,0x1,0x10,
  0x14,0x10,0xf,0xe,0x7,0x7,0x4,0x4,0x9,0x4,0xb,0x5,0xa,0xf,0xe,0xc,
  0x7,0xd,0x7,0x1b,0x18,0x19,0x16,0x16,0x10,0x8,0x11,0x8,0x8,0x11,0x8,0x11,
  0x14,0xa,0x15,0xb,0x19,0x14,0x19,0x18,0xd,0x1a,0xd,0xd,0x1a,0xd,0xd,0x1a,
  0xd,0x1,0x3,0x20,0xfc,0x18,0x0,0x0,0x5,0x0,0x0,0xff,0x38,0x5,0xdc,0x3,
  0x20,0x0,0x20,0x0,0x3e,0x0,0xa9,0x1,0x34,0x1,0x38,0x1,0xc6,0xb5,0xbf,0x1,
  0x10,0xe,0x1,0x4c,0x4b,0xb0,0xa,0x50,0x58,0x40,0x68,0x0,0x1,0x9,0x7,0x9,
  0x1,0x72,0x0,0x2,0x7,0xc,0x7,0x2,0xc,0x80,0x0,0xc,0x8,0x7,0xc,0x8,
  0x7e,0x0,0x8,0xe,0x7,0x8,0xe,0x7e,0x13,0x1,0x5,0x10,0x3,0x10,0x5,0x3,
  0x80,0x0,0x3,0x6,0x10,0x3,0x6,0x7e,0x16,0x1,0x0,0x6,0x4,0x4,0x0,0x72,
  0x0,0x14,0xb,0x1,0x9,0x1,0x14,0x9,0x69,0xd,0x1,0x7,0xf,0x1,0xe,0x10,
  0x7,0xe,0x69,0x11,0x1,0x10,0x12,0x1,0x6,0x0,0x10,0x6,0x69,0x18,0xa,0x17,
  0x3,0x4,0x15,0x15,0x4,0x59,0x18,0xa,0x17,0x3,0x4,0x4,0x15,0x60,0x0,0x15,
  0x4,0x15,0x50,0x1b,0x4b,0xb0,0xb,0x50,0x58,0x40,0x62,0x0,0x1,0x9,0x7,0x9,
  0x1,0x72,0x0,0x2,0x7,0x8,0x7,0x2,0x8,0x80,0xc,0x1,0x8,0xe,0x7,0x8,
  0xe,0x7e,0x13,0x1,0x5,0x10,0x3,0x10,0x5,0x3,0x80,0x0,0x3,0x6,0x10,0x3,
  0x6,0x7e,0x16,0x1,0x0,0x6,0x4,0x4,0x0,0x72,0x0,0x14,0xb,0x1,0x9,0x1,
  0x14,0x9,0x69,0xd,0x1,0x7,0xf,0x1,0xe,0x10,0x7,0xe,0x69,0x11,0x1,0x10,
  0x12,0x1,0x6,0x0,0x10,0x6,0x69,0x18,0xa,0x17,0x3,0x4,0x15,0x15,0x4,0x59,
  0x18,0xa,0x17,0x3,0x4,0x4,0x15,0x60,0x0,0x15,0x4,0x15,0x50,0x1b,0x40,0x68,
  0x0,0x1,0x9,0x7,0x9,0x1,0x72,0x0,0x2,0x7,0xc,0x7,0x2,0xc,0x80,0x0,
  0xc,0x8,0x7,0xc,0x8,0x7e,0x0,0x8,0xe,0x7,0x8,0xe,0x7e,0x13,0x1,0x5,
  0x10,0x3,0x10,0x5,0x3,0x80,0x0,0x3,0x6,0x10,0x3,0x6,0x7e,0x16,0x1,0x0,
  0x6,0x4,0x4,0x0,0x72,0x0,0x14,0xb,0x1,0x9,0x1,0x14,0x9,0x69,0xd,0x1,
  0x7,0xf,0x1,0xe,0x10,0x7,0xe,0x69,0x11,0x1,0x10,0x12,0x1,0x6,0x0,0x10,
  0x6,0x69,0x18,0xa,0x17,0x3,0x4,0x15,0x15,0x4,0x59,0x18,0xa,0x17,0x3,0x4,
  0x4,0x15,0x60,0x0,0x15,0x4,0x15,0x50,0x59,0x59,0x41,0x3b,0x0,0xab,0x0,0xaa,
  0x0,0x40,0x0,0x3f,0x0,0x2,0x0,0x0,0x1,0x38,0x1,0x37,0x1,0x36,0x1,0x35,
  0x1,0x27,0x1,0x26,0x1,0x1f,0x1,0x1c,0x1,0xb,0x1,0xa,0x1,0x9,0x1,0x6,
  0x1,0x4,0x1,0x3,0x1,0x2,0x1,0x1,0x0,0xf0,0x0,0xed,0x0,0xe4,0x0,0xe2,
  0x0,0xd7,0x0,0xd4,0x0,0xaa,0x1,0x34,0x0,0xab,0x1,0x33,0x0,0x90,0x0,0x8d,
  0x0,0x80,0x0,0x7e,0x0,0x77,0x0,0x74,0x0,0x59,0x0,0x56,0x0,0x4d,0x0,0x4b,
  0x0,0x3f,0x0,0xa9,0x0,0x40,0x0,0xa8,0x0,0x3e,0x0,0x3c,0x0,0x24,0x0,0x21,
  0x0,0x1f,0x0,0x1d,0x0,0x0,0x0,0x20,0x0,0x2,0x0,0x20,0x0,0x19,0x0,0x6,
  0x0,0x16,0x2b,0x33,0x31,0x32,0x36,0x37,0x36,0x37,0x36,0x37,0x36,0x37,0x36,0x37,
  0x36,0x35,0x11,0x31,0x34,0x26,0x27,0x26,0x27,0x26,0x27,0x26,0x27,0x26,0x27,0x26,
  0x26,0x23,0x23,0x11,0x13,0x33,0x31,0x32,0x17,0x16,0x17,0x16,0x17,0x16,0x17,0x16,
  0x17,0x16,0x15,0x11,0x31,0x14,0x7,0x6,0x7,0x6,0x7,0x6,0x7,0x6,0x7,0x6,
  0x23,0x23,0x5,0x32,0x37,0x36,0x37,0x36,0x37,0x36,0x37,0x36,0x37,0x36,0x35,0x35,
  0x23,0x15,0x31,0x14,0x7,0x6,0x7,0x6,0x7,0x6,0x23,0x31,0x22,0x27,0x26,0x27,
  0x26,0x27,0x26,0x27,0x26,0x26,0x27,0x26,0x26,0x35,0x11,0x31,0x34,0x36,0x37,0x36,
  0x37,0x36,0x37,0x36,0x37,0x36,0x37,0x36,0x33,0x31,0x32,0x17,0x16,0x17,0x16,0x17,
  0x16,0x15,0x15,0x33,0x35,0x31,0x34,0x27,0x26,0x27,0x26,0x27,0x26,0x27,0x26,0x27,
  0x26,0x23,0x31,0x22,0x7,0x6,0x7,0x6,0x7,0x6,0x7,0x6,0x7,0x6,0x15,0x11,
  0x31,0x14,0x17,0x16,0x17,0x16,0x17,0x16,0x17,0x16,0x17,0x16,0x33,0x21,0x32,0x37,
  0x36,0x37,0x36,0x37,0x36,0x37,0x36,0x37,0x36,0x35,0x31,0x34,0x27,0x26,0x27,0x26,
  0x27,0x26,0x27,0x31,0x36,0x37,0x36,0x37,0x36,0x37,0x36,0x35,0x31,0x34,0x27,0x26,
  0x27,0x26,0x27,0x26,0x27,0x26,0x27,0x26,0x23,0x31,0x22,0x7,0x6,0x7,0x6,0x7,
  0x6,0x7,0x6,0x7,0x6,0x15,0x15,0x33,0x35,0x31,0x34,0x37,0x36,0x37,0x36,0x37,
  0x36,0x33,0x31,0x32,0x17,0x16,0x17,0x16,0x17,0x16,0x15,0x31,0x14,0x7,0x6,0x7,
  0x6,0x7,0x6,0x7,0x6,0x7,0x6,0x6,0x23,0x15,0x31,0x32,0x16,0x17,0x16,0x17,
  0x16,0x17,0x16,0x17,0x16,0x17,0x16,0x15,0x31,0x14,0x7,0x6,0x7,0x6,0x7,0x6,
  0x23,0x31,0x22,0x27,0x26,0x27,0x26,0x27,0x26,0x35,0x23,0x31,0x14,0x17,0x16,0x17,
  0x16,0x17,0x16,0x17,0x16,0x17,0x16,0x33,0x1,0x21,0x11,0x21,0xd7,0x10,0x1e,0x10,
  0x1d,0x1d,0x1e,0x15,0x18,0xe,0xe,0x6,0x5,0x3,0x2,0x5,0xf,0xe,0x18,0x15,
  0x1e,0x1d,0x1d,0x10,0x1e,0x10,0x9c,0x6f,0x2d,0x12,0x10,0x12,0xe,0xe,0xc,0xb,
  0x7,0x7,0x3,0x3,0x3,0x3,0x7,0x7,0xb,0xc,0xe,0x10,0x10,0xf,0x13,0x2d,
  0x2,0x41,0x18,0x1c,0x1c,0x14,0x17,0x13,0x12,0xd,0xb,0x6,0x6,0x6f,0x5,0x4,
  0xc,0xa,0x12,0x11,0x13,0xe,0xc,0xe,0xa,0x8,0x9,0x6,0x5,0x2,0x2,0x1,
  0x1,0x1,0x1,0x1,0x2,0x3,0x5,0x6,0x9,0x8,0xa,0xe,0xc,0xe,0x13,0x11,
  0x12,0xa,0xc,0x4,0x5,0x6f,0x6,0x5,0xc,0xd,0x12,0x13,0x17,0x18,0x18,0x18,
  0x1c,0x18,0x1e,0x1c,0x17,0x17,0x13,0x14,0x9,0xb,0x5,0x4,0x4,0x5,0xb,0xa,
  0x13,0x11,0x19,0x1b,0x18,0x1b,0x1b,0x1,0xf9,0x19,0x1e,0x1b,0x18,0x18,0x14,0x13,
  0xc,0xc,0x6,0x6,0x6,0x7,0xe,0x10,0x14,0x14,0x1a,0x16,0x12,0x13,0xb,0xc,
  0x6,0x5,0x5,0x4,0xc,0xb,0x12,0xf,0x18,0x18,0x18,0x1c,0x17,0x1b,0x17,0x17,
  0x18,0x15,0x13,0x13,0xa,0xc,0x4,0x6,0x6f,0x5,0x5,0x9,0xa,0xf,0xf,0x12,
  0x12,0x10,0xf,0xb,0x8,0x5,0x4,0x3,0x3,0x6,0x7,0xb,0x9,0x10,0xf,0x10,
  0x8,0x10,0x8,0x9,0x12,0x9,0x11,0x10,0xd,0x10,0xe,0x7,0x8,0x4,0x3,0x5,
  0x5,0xc,0xd,0x12,0x13,0x16,0x13,0x11,0x12,0xd,0xd,0x6,0x6,0x6f,0x6,0x7,
  0xc,0xe,0x13,0x14,0x17,0x16,0x1c,0x1c,0x18,0xfb,0x1c,0x5,0xdc,0xfa,0x24,0x3,
  0x2,0x4,0xe,0xe,0x15,0x16,0x1b,0x1d,0x1d,0x21,0x1c,0x1,0x1b,0x10,0x1e,0x10,
  0x1b,0x1f,0x19,0x18,0x14,0xe,0xe,0x4,0x2,0x3,0xfd,0x21,0x2,0x7f,0x3,0x5,
  0x7,0x7,0xd,0xe,0xe,0xf,0x12,0x10,0x12,0xfe,0xe5,0x11,0x11,0x13,0xd,0xf,
  0xd,0xd,0x8,0x8,0x3,0x4,0x68,0x5,0x5,0xb,0xc,0x12,0x11,0x18,0x18,0x19,
  0x1a,0x19,0x1,0x1,0x11,0x12,0x11,0xf,0xe,0x8,0x7,0x4,0x5,0x8,0x7,0xe,
  0x9,0x10,0x7,0xd,0x7,0x7,0xd,0x7,0x1,0x45,0x7,0xe,0x7,0x11,0x9,0x10,
  0x9,0xe,0x7,0x8,0x5,0x4,0x7,0x8,0xd,0x11,0xf,0x14,0x10,0x1,0x1,0x1b,
  0x19,0x17,0x19,0x18,0x11,0x12,0xc,0xd,0x4,0x4,0x5,0x6,0xd,0xd,0x16,0x19,
  0x16,0x18,0x1c,0x19,0x1e,0xfe,0xbb,0x1e,0x18,0x1d,0x18,0x17,0x17,0x15,0xe,0xf,
  0x4,0x6,0x5,0x5,0xd,0xc,0x14,0x13,0x1a,0x18,0x1b,0x1a,0x1c,0x1c,0x1c,0x1b,
  0x18,0x19,0x13,0x13,0xc,0xc,0x13,0x13,0x15,0x17,0x18,0x1c,0x17,0x17,0x1c,0x16,
  0x1a,0x15,0x15,0x11,0xf,0xd,0x4,0x5,0x4,0x4,0xd,0xb,0x13,0x13,0x15,0x1a,
  0x15,0x19,0x19,0x2,0x1,0x10,0x12,0x12,0xc,0xf,0x7,0x7,0x9,0x8,0x10,0xf,
  0x13,0x10,0x14,0xf,0x11,0x10,0xe,0xf,0xc,0xa,0x9,0x8,0x1,0x1,0x1,0x60,
  0x1,0x1,0x1,0x8,0x6,0xe,0xe,0xf,0x10,0x11,0x12,0x12,0x13,0x16,0x14,0x11,
  0x12,0x7,0x9,0x7,0x6,0xe,0xd,0x14,0x12,0x13,0x1a,0x1a,0x1d,0x14,0x18,0x11,
  0x14,0xa,0xb,0x5,0x5,0x3,0x28,0xfc,0x18,0x0,0x0,0x0,0x5,0x0,0x0,0xff,
  0x38,0x5,0xdc,0x3,0x20,0x0,0x20,0x0,0x3e,0x0,0xa9,0x0,0xb8,0x0,0xbc,0x0,
  0xa9,0x40,0xa6,0xb5,0x1,0xb,0x1,0x4b,0xe,0x1,0x1,0x9,0x7,0x9,0x1,0x72,
  0x0,0x7,0x2,0x9,0x7,0x2,0x7e,0x0,0x2,0x8,0x9,0x2,0x8,0x7e,0x0,0x8,
  0xc,0x9,0x8,0xc,0x7e,0x0,0xc,0xb,0x9,0xc,0xb,0x7e,0xd,0x1,0xb,0xa,
  0x9,0xb,0xa,0x7e,0xf,0x1,0xa,0x5,0x9,0xa,0x5,0x7e,0x0,0x5,0x3,0x9,
  0x5,0x3,0x7e,0x0,0x3,0x6,0x9,0x3,0x6,0x7e,0x0,0x6,0x0,0x9,0x6,0x0,
  0x7e,0x15,0x10,0x13,0x3,0x0,0x4,0x4,0x0,0x70,0x0,0x11,0x0,0x9,0x1,0x11,
  0x9,0x69,0x14,0x1,0x4,0x12,0x12,0x4,0x59,0x14,0x1,0x4,0x4,0x12,0x60,0x0,
  0x12,0x4,0x12,0x50,0xaa,0xaa,0x40,0x3f,0x2,0x0,0xbc,0xbb,0xba,0xb9,0xaa,0xb8,
  0xaa,0xb8,0xb7,0xb6,0xb4,0xb3,0xb2,0xb1,0xb0,0xaf,0xae,0xad,0xac,0xab,0x90,0x8d,
  0x80,0x7e,0x77,0x74,0x59,0x56,0x4d,0x4b,0x3f,0xa9,0x40,0xa8,0x3e,0x3c,0x24,0x21,
  0x1f,0x1d,0x0,0x20,0x2,0x20,0x16,0x6,0x16,0x2b,0x33,0x31,0x32,0x36,0x37,0x36,
  0x37,0x36,0x37,0x36,0x37,0x36,0x37,0x36,0x35,0x11,0x31,0x34,0x26,0x27,0x26,0x27,
  0x26,0x27,0x26,0x27,0x26,0x27,0x26,0x26,0x23,0x23,0x11,0x13,0x33,0x31,0x32,0x17,
  0x16,0x17,0x16,0x17,0x16,0x17,0x16,0x17,0x16,0x15,0x11,0x31,0x14,0x7,0x6,0x7,
  0x6,0x7,0x6,0x7,0x6,0x7,0x6,0x23,0x23,0x5,0x32,0x37,0x36,0x37,0x36,0x37,
  0x36,0x37,0x36,0x37,0x36,0x35,0x35,0x23,0x15,0x31,0x14,0x7,0x6,0x7,0x6,0x7,
  0x6,0x23,0x31,0x22,0x27,0x26,0x27,0x26,0x27,0x26,0x27,0x26,0x26,0x27,0x26,0x26,
  0x35,0x11,0x31,0x34,0x36,0x37,0x36,0x37,0x36,0x37,0x36,0x37,0x36,0x37,0x36,0x33,
  0x31,0x32,0x17,0x16,0x17,0x16,0x17,0x16,0x15,0x15,0x33,0x35,0x31,0x34,0x27,0x26,
  0x27,0x26,0x27,0x26,0x27,0x26,0x27,0x26,0x23,0x31,0x22,0x7,0x6,0x7,0x6,0x7,
  0x6,0x7,0x6,0x7,0x6,0x15,0x11,0x31,0x14,0x17,0x16,0x17,0x16,0x17,0x16,0x17,
  0x16,0x17,0x16,0x33,0x25,0x35,0x33,0x35,0x23,0x35,0x23,0x15,0x23,0x13,0x23,0x3,
  0x15,0x33,0x15,0x1,0x21,0x11,0x21,0xd7,0x10,0x1e,0x10,0x1d,0x1d,0x1e,0x15,0x18,
  0xe,0xe,0x6,0x5,0x3,0x2,0x5,0xf,0xe,0x18,0x15,0x1e,0x1d,0x1d,0x10,0x1e,
  0x10,0x9c,0x6f,0x2d,0x12,0x10,0x12,0xe,0xe,0xc,0xb,0x7,0x7,0x3,0x3,0x3,
  0x3,0x7,0x7,0xb,0xc,0xe,0x10,0x10,0xf,0x13,0x2d,0x2,0x41,0x18,0x1c,0x1c,
  0x14,0x17,0x13,0x12,0xd,0xb,0x6,0x6,0x6f,0x5,0x4,0xc,0xa,0x12,0x11,0x13,
  0xe,0xc,0xe,0xa,0x8,0x9,0x6,0x5,0x2,0x2,0x1,0x1,0x1,0x1,0x1,0x2,
  0x3,0x5,0x6,0x9,0x8,0xa,0xe,0xc,0xe,0x13,0x11,0x12,0xa,0xc,0x4,0x5,
  0x6f,0x6,0x5,0xc,0xd,0x12,0x13,0x17,0x18,0x18,0x18,0x1c,0x18,0x1e,0x1c,0x17,
  0x17,0x13,0x14,0x9,0xb,0x5,0x4,0x4,0x5,0xb,0xa,0x13,0x11,0x19,0x1b,0x18,
  0x1b,0x1b,0x2,0x80,0x36,0x36,0x6f,0x69,0xda,0x78,0xda,0xe1,0xfb,0x4,0x5,0xdc,
  0xfa,0x24,0x3,0x2,0x4,0xe,0xe,0x15,0x16,0x1b,0x1d,0x1d,0x21,0x1c,0x1,0x1b,
  0x10,0x1e,0x10,0x1b,0x1f,0x19,0x18,0x14,0xe,0xe,0x4,0x2,0x3,0xfd,0x21,0x2,
  0x7f,0x3,0x5,0x7,0x7,0xd,0xe,0xe,0xf,0x12,0x10,0x12,0xfe,0xe5,0x11,0x11,
  0x13,0xd,0xf,0xd,0xd,0x8,0x8,0x3,0x4,0x68,0x5,0x5,0xb,0xc,0x12,0x11,
  0x18,0x18,0x19,0x1a,0x19,0x1,0x1,0x11,0x12,0x11,0xf,0xe,0x8,0x7,0x4,0x5,
  0x8,0x7,0xe,0x9,0x10,0x7,0xd,0x7,0x7,0xd,0x7,0x1,0x45,0x7,0xe,0x7,
  0x11,0x9,0x10,0x9,0xe,0x7,0x8,0x5,0x4,0x7,0x8,0xd,0x11,0xf,0x14,0x10,
  0x1,0x1,0x1b,0x19,0x17,0x19,0x18,0x11,0x12,0xc,0xd,0x4,0x4,0x5,0x6,0xd,
  0xd,0x16,0x19,0x16,0x18,0x1c,0x19,0x1e,0xfe,0xbb,0x1e,0x18,0x1d,0x18,0x17,0x17,
  0x15,0xe,0xf,0x4,0x6,0x8,0xb9,0x60,0x96,0x96,0x1,0xc6,0xfe,0x3a,0x60,0xb9,
  0x3,0x20,0xfc,0x18,0x0,0x0,0x0,0x0,0x5,0x0,0x0,0xff,0x38,0x5,0xdc,0x3,
  0x20,0x0,0x22,0x0,0x2a,0x0,0x3a,0x0,0x46,0x0,0x4a,0x0,0x6d,0x40,0x6a,0x45,
  0x3f,0x3c,0x31,0xd,0x5,0x8,0x1,0x44,0x1e,0x2,0x4,0x8,0x2,0x4c,0x0,0x8,
  0x1,0x4,0x1,0x8,0x4,0x80,0x0,0x4,0x0,0x1,0x4,0x0,0x7e,0x0,0xd,0xa,
  0x9,0x6,0x2,0x4,0x1,0x8,0xd,0x1,0x67,0x10,0xc,0xb,0xf,0x7,0x5,0x3,
  0x7,0x0,0xe,0xe,0x0,0x57,0x10,0xc,0xb,0xf,0x7,0x5,0x3,0x7,0x0,0x0,
  0xe,0x5f,0x0,0xe,0x0,0xe,0x4f,0x3b,0x3b,0x23,0x23,0x4a,0x49,0x48,0x47,0x3b,
  0x46,0x3b,0x46,0x43,0x42,0x41,0x40,0x3e,0x3d,0x3a,0x39,0x23,0x2a,0x23,0x2a,0x11,
  0x11,0x12,0x11,0x1e,0x11,0x1e,0x11,0x6,0x1d,0x2b,0x13,0x31,0x34,0x34,0x35,0x26,
  0x26,0x27,0x26,0x26,0x27,0x26,0x26,0x27,0x13,0x33,0x11,0x23,0x11,0x31,0x14,0x14,
  0x17,0x14,0x17,0x16,0x16,0x17,0x16,0x16,0x17,0x3,0x23,0x11,0x33,0x21,0x37,0x33,
  0x17,0x33,0x3,0x23,0x3,0x13,0x31,0x36,0x36,0x37,0x36,0x37,0x31,0x16,0x16,0x17,
  0x16,0x16,0x17,0x17,0x23,0x1,0x3,0x13,0x23,0x3,0x11,0x23,0x11,0x33,0x35,0x37,
  0x13,0x1,0x21,0x11,0x21,0xaa,0x1,0x1,0x2,0x2,0x4,0x2,0x2,0x5,0x2,0xb9,
  0x6b,0x6f,0x1,0x4,0x2,0x4,0x2,0x2,0x4,0x2,0xb9,0x6b,0x6f,0x1,0xe1,0x1e,
  0x8a,0x1e,0x72,0x95,0x80,0x95,0xcb,0x1,0x3,0x1,0x1,0x4,0x2,0x3,0x1,0x1,
  0x2,0x1,0x2a,0x68,0x2,0xf7,0xb8,0xb8,0x79,0x96,0x6f,0x6f,0x1d,0x7b,0xfa,0xc6,
  0x5,0xdc,0xfa,0x24,0x1,0x26,0x10,0x20,0x10,0x10,0x20,0x10,0x10,0x1f,0x10,0x10,
  0x1f,0x10,0xfd,0xdc,0x2,0xdf,0xfe,0xda,0x10,0x20,0x10,0x23,0x1c,0x10,0x20,0x10,
  0x10,0x1f,0x10,0x2,0x24,0xfd,0x21,0xa4,0xa4,0x2,0xdf,0xfd,0x21,0x1,0xea,0x7,
  0xf,0x7,0xb,0x11,0x7,0xe,0x7,0x7,0xf,0x7,0xe6,0xfe,0xfc,0x1,0x90,0x1,
  0x4f,0xfe,0xd5,0x1,0x2b,0xfd,0x21,0xf1,0x35,0xfe,0xda,0x3,0x20,0xfc,0x18,0x0,
  0x4,0x0,0x0,0xff,0x38,0x5,0xdc,0x3,0x20,0x0,0x8c,0x0,0x95,0x0,0xb8,0x0,
  0xbc,0x0,0x7f,0x40,0x7c,0xb4,0xa3,0x94,0x91,0x8e,0x5,0x5,0x2,0x1,0x4c,0xb,
  0xa,0x7,0x3,0x6,0x3,0x1,0x3,0x6,0x72,0x0,0x1,0x2,0x3,0x1,0x2,0x7e,
  0x0,0x2,0x5,0x3,0x2,0x5,0x7e,0x0,0x5,0x4,0x3,0x5,0x4,0x7e,0x0,0x4,
  0x8,0x3,0x4,0x8,0x7e,0xc,0x9,0x10,0x3,0x8,0x0,0x0,0x8,0x70,0x0,0xd,
  0x0,0x3,0x6,0xd,0x3,0x69,0xf,0x1,0x0,0xe,0xe,0x0,0x59,0xf,0x1,0x0,
  0x0,0xe,0x60,0x0,0xe,0x0,0xe,0x50,0x8d,0x8d,0x1,0x0,0xbc,0xbb,0xba,0xb9,
  0xb8,0xb7,0xb6,0xb5,0xa7,0xa6,0xa5,0xa4,0x8d,0x95,0x8d,0x95,0x93,0x92,0x90,0x8f,
  0x7e,0x7c,0x75,0x72,0x48,0x45,0x37,0x35,0x2e,0x2b,0x0,0x8c,0x1,0x8b,0x11,0x6,
  0x16,0x2b,0x17,0x32,0x37,0x36,0x37,0x36,0x37,0x36,0x37,0x36,0x37,0x36,0x35,0x31,
  0x34,0x27,0x26,0x27,0x26,0x27,0x26,0x27,0x26,0x27,0x26,0x26,0x27,0x26,0x26,0x27,
  0x26,0x27,0x26,0x27,0x26,0x35,0x31,0x34,0x37,0x36,0x37,0x36,0x37,0x36,0x33,0x31,
  0x32,0x17,0x16,0x17,0x16,0x17,0x16,0x15,0x15,0x33,0x35,0x31,0x34,0x27,0x26,0x27,
  0x26,0x27,0x26,0x26,0x27,0x26,0x27,0x26,0x23,0x31,0x22,0x7,0x6,0x7,0x6,0x7,
  0x6,0x7,0x6,0x7,0x6,0x15,0x31,0x14,0x17,0x16,0x16,0x17,0x16,0x16,0x17,0x16,
  0x17,0x16,0x17,0x16,0x17,0x16,0x17,0x16,0x17,0x16,0x17,0x16,0x15,0x31,0x14,0x7,
  0x6,0x7,0x6,0x7,0x6,0x23,0x31,0x22,0x27,0x26,0x27,0x26,0x27,0x26,0x35,0x35,
  0x23,0x15,0x31,0x14,0x17,0x16,0x17,0x16,0x17,0x16,0x17,0x16,0x17,0x16,0x33,0x25,
  0x11,0x13,0x23,0x3,0x3,0x23,0x13,0x11,0x1,0x31,0x34,0x34,0x35,0x26,0x26,0x27,
  0x26,0x26,0x27,0x26,0x26,0x27,0x13,0x33,0x11,0x23,0x11,0x31,0x14,0x14,0x17,0x14,
  0x17,0x16,0x16,0x17,0x16,0x16,0x17,0x3,0x23,0x11,0x33,0x1,0x21,0x11,0x21,0xf9,
  0x18,0x1c,0x19,0x18,0x17,0x14,0x13,0xd,0xc,0x6,0x6,0x5,0x5,0xc,0xa,0x10,
  0xf,0x12,0x10,0x16,0xa,0x15,0xb,0xa,0x15,0xb,0x16,0x10,0x10,0xb,0xb,0x5,
  0x5,0xa,0xa,0x12,0xf,0x12,0x11,0x10,0x12,0x9,0xc,0x4,0x5,0x6f,0x6,0x5,
  0xc,0xb,0x13,0xa,0x14,0xb,0x16,0x1a,0x17,0x1b,0x1b,0x17,0x16,0x1a,0x18,0x11,
  0x13,0xb,0xd,0x4,0x6,0x6,0x2,0x9,0x5,0x5,0xe,0x7,0xf,0x12,0x15,0x11,
  0x15,0x14,0x13,0x18,0x16,0x10,0x12,0xa,0xa,0x5,0x6,0xc,0xe,0x10,0x11,0x13,
  0x12,0x11,0x11,0xc,0xd,0x6,0x6,0x6f,0x7,0x6,0xd,0xc,0x14,0x14,0x17,0x17,
  0x19,0x17,0x1c,0x2,0x2d,0xa1,0x77,0x62,0x62,0x77,0xa1,0x1,0xdc,0x1,0x1,0x2,
  0x2,0x4,0x2,0x2,0x5,0x2,0xb9,0x6b,0x6f,0x1,0x4,0x2,0x4,0x2,0x2,0x4,
  0x2,0xb9,0x6b,0x6f,0xfb,0x6e,0x5,0xdc,0xfa,0x24,0x8,0x5,0x4,0xb,0xb,0x12,
  0x13,0x16,0x17,0x19,0x1a,0x19,0x16,0x1b,0x15,0x19,0x15,0x15,0x14,0x10,0xf,0xf,
  0x7,0xd,0x7,0x6,0xc,0x7,0xd,0x11,0x10,0x18,0x18,0x17,0x11,0x12,0x12,0xd,
  0xd,0x8,0x7,0x6,0x8,0xc,0x10,0xd,0x12,0x10,0x2,0x4,0x19,0x19,0x15,0x19,
  0x15,0x13,0x8,0xf,0x5,0xb,0x4,0x4,0x4,0x4,0xc,0xd,0x11,0x15,0x14,0x18,
  0x18,0x19,0x19,0x19,0x18,0xc,0x17,0xb,0xb,0x14,0xa,0x13,0x11,0x13,0xc,0xf,
  0xb,0xc,0xd,0xe,0x10,0x14,0x15,0x15,0x1a,0x10,0x14,0x11,0xe,0xe,0x6,0x7,
  0x6,0x5,0xd,0xb,0x13,0x11,0x11,0x2,0x3,0x1b,0x18,0x19,0x16,0x16,0x11,0x11,
  0xa,0xa,0x5,0x4,0x8,0x1,0x2b,0x1,0xb4,0xfe,0xe3,0x1,0x1d,0xfe,0x4c,0xfe,
  0xd5,0x1,0x26,0x10,0x20,0x10,0x10,0x20,0x10,0x10,0x1f,0x10,0x10,0x1f,0x10,0xfd,
  0xdc,0x2,0xdf,0xfe,0xda,0x10,0x20,0x10,0x23,0x1c,0x10,0x20,0x10,0x10,0x1f,0x10,
  0x2,0x24,0xfd,0x21,0x3,0x20,0xfc,0x18,0x0,0x0,0x0,0x0,0x6,0x0,0x0,0xff,
  0x38,0x5,0xdc,0x3,0x20,0x0,0xb,0x0,0x13,0x0,0x44,0x0,0x59,0x0,0x6e,0x0,
  0x72,0x0,0x71,0x40,0x6e,0x2b,0x1,0x1,0x2,0x1,0x4c,0x0,0x10,0xb,0x7,0x2,
  0x4,0x3,0x10,0x4,0x67,0xc,0x8,0x6,0x3,0x3,0xd,0x1,0x2,0x1,0x3,0x2,
  0x69,0xe,0x1,0x1,0xf,0x1,0x0,0x5,0x1,0x0,0x69,0x14,0xa,0x13,0x9,0x12,
  0x5,0x5,0x11,0x11,0x5,0x57,0x14,0xa,0x13,0x9,0x12,0x5,0x5,0x5,0x11,0x5f,
  0x0,0x11,0x5,0x11,0x4f,0x16,0x14,0xc,0xc,0x0,0x0,0x72,0x71,0x70,0x6f,0x6e,
  0x6c,0x5d,0x5a,0x59,0x57,0x48,0x45,0x43,0x41,0x14,0x44,0x16,0x44,0xc,0x13,0xc,
  0x13,0x12,0x11,0x10,0xf,0xe,0xd,0x0,0xb,0x0,0xb,0x11,0x11,0x11,0x11,0x11,
  0x15,0x6,0x1b,0x2b,0x21,0x35,0x21,0x35,0x33,0x35,0x23,0x35,0x21,0x35,0x21,0x11,
  0x21,0x11,0x33,0x35,0x21,0x15,0x33,0x11,0x21,0x31,0x32,0x37,0x36,0x37,0x36,0x37,
  0x36,0x37,0x36,0x37,0x36,0x35,0x31,0x34,0x27,0x26,0x27,0x26,0x27,0x26,0x26,0x27,
  0x31,0x36,0x37,0x36,0x37,0x36,0x36,0x37,0x36,0x35,0x31,0x34,0x27,0x26,0x27,0x26,
  0x27,0x26,0x27,0x26,0x27,0x26,0x23,0x23,0x11,0x13,0x33,0x31,0x32,0x17,0x16,0x17,
  0x16,0x17,0x16,0x15,0x31,0x14,0x7,0x6,0x7,0x6,0x7,0x6,0x23,0x23,0x15,0x33,
  0x31,0x32,0x17,0x16,0x17,0x16,0x17,0x16,0x15,0x31,0x14,0x7,0x6,0x7,0x6,0x7,
  0x6,0x23,0x23,0x1,0x21,0x11,0x21,0x1,0xb9,0xfe,0xf9,0xce,0xce,0x1,0x7,0xfe,
  0x8a,0x2,0xe3,0x8d,0xfe,0x76,0x8d,0x2,0x1d,0x1a,0x20,0x21,0x16,0x18,0x18,0x16,
  0xe,0xe,0x6,0x5,0x5,0x7,0xc,0xe,0x15,0xa,0x17,0xd,0x12,0x12,0xe,0xb,
  0x5,0x7,0x2,0x3,0x4,0x4,0xc,0xd,0x11,0x12,0x18,0x19,0x19,0x1e,0x17,0xb0,
  0x6f,0x41,0x12,0x13,0x12,0xa,0xb,0x4,0x4,0x4,0x5,0x9,0xa,0x13,0x12,0x13,
  0x41,0x41,0x19,0x15,0x14,0x11,0xe,0x8,0x6,0x6,0x8,0xe,0x11,0x15,0x18,0x15,
  0x41,0xfb,0x6e,0x5,0xdc,0xfa,0x24,0x60,0xee,0x60,0xd1,0x60,0xfd,0x21,0x2,0x7f,
  0x60,0x60,0xfd,0x81,0x5,0x5,0xc,0xb,0x15,0x13,0x1b,0x1b,0x1b,0x20,0x1a,0x18,
  0x1e,0x1d,0x14,0x18,0x10,0x8,0xf,0x5,0xb,0x12,0xf,0x15,0xa,0x16,0xb,0x17,
  0x16,0x1d,0x18,0x17,0x1b,0x19,0x12,0x12,0xd,0xd,0x4,0x5,0xfd,0x21,0x2,0x7f,
  0x8,0xa,0xe,0x11,0x12,0x11,0x15,0x15,0x11,0x14,0xf,0x10,0x8,0x9,0x60,0x7,
  0x7,0x12,0x11,0x17,0x16,0x18,0x17,0x17,0x19,0xf,0x11,0x7,0x8,0x2,0xc0,0xfc,
  0x18,0x0,0x0,0x0,0x5,0x0,0x0,0xff,0x38,0x5,0xdc,0x3,0x20,0x0,0x6a,0x0,
  0x72,0x0,0x82,0x0,0xa5,0x0,0xa9,0x0,0x92,0x40,0x8f,0x90,0x79,0x2,0xa,0x4,
  0xa1,0x1,0x1,0xa,0x2,0x4c,0xd,0xc,0x2,0x8,0x5,0x3,0x5,0x8,0x72,0x0,
  0x3,0x4,0x5,0x3,0x4,0x7e,0x0,0x4,0xa,0x5,0x4,0xa,0x7e,0x0,0xa,0x1,
  0x5,0xa,0x1,0x7e,0x0,0x1,0x6,0x5,0x1,0x6,0x7e,0x0,0x6,0x2,0x5,0x6,
  0x2,0x7e,0x0,0x2,0x7,0x5,0x2,0x7,0x7e,0xe,0xb,0x12,0x9,0x4,0x7,0x0,
  0x0,0x7,0x70,0x0,0xf,0x0,0x5,0x8,0xf,0x5,0x69,0x11,0x1,0x0,0x10,0x10,
  0x0,0x59,0x11,0x1,0x0,0x0,0x10,0x60,0x0,0x10,0x0,0x10,0x50,0x6b,0x6b,0x1,
  0x0,0xa9,0xa8,0xa7,0xa6,0xa5,0xa4,0xa3,0xa2,0x94,0x93,0x92,0x91,0x82,0x81,0x6b,
  0x72,0x6b,0x72,0x71,0x70,0x6f,0x6e,0x6d,0x6c,0x51,0x4e,0x41,0x3f,0x38,0x35,0x1a,
  0x17,0xe,0xc,0x0,0x6a,0x1,0x69,0x13,0x6,0x16,0x2b,0x17,0x32,0x37,0x36,0x37,
  0x36,0x37,0x36,0x37,0x36,0x37,0x36,0x35,0x35,0x23,0x15,0x31,0x14,0x7,0x6,0x7,
  0x6,0x7,0x6,0x23,0x31,0x22,0x27,0x26,0x27,0x26,0x27,0x26,0x27,0x26,0x26,0x27,
  0x26,0x26,0x35,0x11,0x31,0x34,0x36,0x37,0x36,0x37,0x36,0x37,0x36,0x37,0x36,0x37,
  0x36,0x33,0x31,0x32,0x17,0x16,0x17,0x16,0x17,0x16,0x15,0x15,0x33,0x35,0x31,0x34,
  0x27,0x26,0x27,0x26,0x27,0x26,0x27,0x26,0x27,0x26,0x23,0x31,0x22,0x7,0x6,0x7,
  0x6,0x7,0x6,0x7,0x6,0x7,0x6,0x15,0x11,0x31,0x14,0x17,0x16,0x17,0x16,0x17,
  0x16,0x17,0x16,0x17,0x16,0x33,0x25,0x37,0x33,0x17,0x33,0x3,0x23,0x3,0x13,0x31,
  0x36,0x36,0x37,0x36,0x37,0x31,0x16,0x16,0x17,0x16,0x16,0x17,0x17,0x23,0x25,0x31,
  0x34,0x34,0x35,0x26,0x26,0x27,0x26,0x26,0x27,0x26,0x26,0x27,0x13,0x33,0x11,0x23,
  0x11,0x31,0x14,0x14,0x17,0x14,0x17,0x16,0x16,0x17,0x16,0x16,0x17,0x3,0x23,0x11,
  0x33,0x1,0x21,0x11,0x21,0xf7,0x18,0x1c,0x1b,0x15,0x17,0x13,0x12,0xd,0xb,0x6,
  0x6,0x6f,0x5,0x4,0xc,0xa,0x12,0x11,0x13,0xe,0xc,0xe,0xa,0x8,0x9,0x6,
  0x5,0x2,0x2,0x1,0x1,0x1,0x1,0x1,0x2,0x3,0x5,0x6,0x9,0x8,0xa,0xe,
  0xc,0xe,0x13,0x11,0x12,0xa,0xc,0x4,0x5,0x6f,0x6,0x5,0xc,0xd,0x12,0x13,
  0x17,0x18,0x18,0x17,0x1d,0x18,0x1e,0x1c,0x17,0x17,0x13,0x14,0x9,0xb,0x5,0x4,
  0x4,0x5,0xb,0xa,0x13,0x11,0x19,0x1b,0x18,0x1b,0x1b,0x1,0x94,0x1e,0x8a,0x1e,
  0x72,0x95,0x80,0x95,0xcb,0x1,0x3,0x1,0x1,0x4,0x2,0x3,0x1,0x1,0x2,0x1,
  0x2a,0x68,0x1,0xd8,0x1,0x1,0x2,0x2,0x4,0x2,0x2,0x5,0x2,0xb9,0x6b,0x6f,
  0x1,0x4,0x2,0x4,0x2,0x2,0x4,0x2,0xb9,0x6b,0x6f,0xfb,0x6e,0x5,0xdc,0xfa,
  0x24,0x8,0x5,0x5,0xb,0xc,0x12,0x11,0x18,0x18,0x19,0x1a,0x19,0x1,0x1,0x11,
  0x12,0x11,0xf,0xe,0x8,0x7,0x4,0x5,0x8,0x7,0xe,0x9,0x10,0x7,0xd,0x7,
  0x7,0xd,0x7,0x1,0x45,0x7,0xe,0x7,0x11,0x9,0x10,0x9,0xe,0x7,0x8,0x5,
  0x4,0x7,0x8,0xd,0x11,0xf,0x14,0x10,0x1,0x1,0x1b,0x19,0x17,0x19,0x18,0x11,
  0x12,0xc,0xd,0x4,0x4,0x5,0x6,0xd,0xd,0x16,0x19,0x16,0x18,0x1c,0x19,0x1e,
  0xfe,0xbb,0x1e,0x18,0x1d,0x18,0x17,0x17,0x15,0xe,0xf,0x4,0x6,0x8,0xa4,0xa4,
  0x2,0xdf,0xfd,0x21,0x1,0xea,0x7,0xf,0x7,0xb,0x11,0x7,0xe,0x7,0x7,0xf,
  0x7,0xe6,0x22,0x10,0x20,0x10,0x10,0x20,0x10,0x10,0x1f,0x10,0x10,0x1f,0x10,0xfd,
  0xdc,0x2,0xdf,0xfe,0xda,0x10,0x20,0x10,0x23,0x1c,0x10,0x20,0x10,0x10,0x1f,0x10,
  0x2,0x24,0xfd,0x21,0x3,0x20,0xfc,0x18,0x0,0x0,0x0,0x0,0x3,0x0,0x0,0xff,
  0x38,0x3,0xe8,0x3,0x20,0x0,0xb,0x0,0x30,0x0,0x34,0x0,0x68,0x40,0x65,0x1d,
  0x1a,0x2,0x2,0x3,0x2d,0x1,0x1,0x2,0x2,0x4c,0x0,0x6,0x1,0x0,0x1,0x6,
  0x0,0x80,0x0,0xb,0x9,0x8,0x2,0x4,0x3,0xb,0x4,0x67,0x0,0x3,0x0,0x2,
  0x1,0x3,0x2,0x67,0x0,0x1,0x0,0x0,0x5,0x1,0x0,0x67,0xe,0xa,0x7,0xd,
  0x4,0x5,0xc,0xc,0x5,0x57,0xe,0xa,0x7,0xd,0x4,0x5,0x5,0xc,0x5f,0x0,
  0xc,0x5,0xc,0x4f,0xc,0xc,0x0,0x0,0x34,0x33,0x32,0x31,0xc,0x30,0xc,0x30,
  0x2f,0x2e,0x2c,0x2b,0x2a,0x29,0x1c,0x1b,0x0,0xb,0x0,0xb,0x11,0x11,0x11,0x11,
  0x11,0xf,0x6,0x1b,0x2b,0x21,0x35,0x21,0x35,0x33,0x35,0x23,0x35,0x21,0x35,0x21,
  0x11,0x21,0x35,0x31,0x34,0x26,0x27,0x26,0x26,0x27,0x26,0x26,0x27,0x26,0x26,0x27,
  0x13,0x33,0x13,0x31,0x6,0x7,0x6,0x7,0x6,0x6,0x7,0x6,0x6,0x15,0x15,0x33,
  0x11,0x23,0x3,0x3,0x23,0x11,0x1,0x21,0x11,0x21,0x1,0xb9,0xfe,0xf9,0xce,0xce,
  0x1,0x7,0xfe,0x8a,0x2,0x48,0x1,0x1,0x1,0x4,0x2,0x2,0x6,0x3,0x4,0x4,
  0x2,0x5f,0x44,0x5f,0x3,0x6,0x7,0x5,0x2,0x4,0x1,0x1,0x1,0x70,0x6b,0x68,
  0x68,0x6b,0xfd,0xe5,0x3,0xe8,0xfc,0x18,0x60,0xee,0x60,0xd1,0x60,0xfd,0x21,0x93,
  0x1b,0x36,0x1b,0x1a,0x36,0x1a,0x1a,0x36,0x1b,0x1a,0x36,0x1a,0xfe,0x9f,0x1,0x61,
  0x36,0x34,0x35,0x36,0x1a,0x36,0x1a,0x1b,0x36,0x1b,0x93,0x2,0xdf,0xfe,0x7e,0x1,
  0x82,0xfd,0x21,0x3,0x20,0xfc,0x18,0x0,0x6,0x0,0x0,0xff,0x38,0x5,0xdc,0x3,
  0x20,0x0,0x8c,0x0,0xcb,0x0,0xfc,0x1,0x11,0x1,0x26,0x1,0x2a,0x0,0x0,0x17,
  0x32,0x37,0x36,0x37,0x36,0x37,0x36,0x37,0x36,0x37,0x36,0x35,0x31,0x34,0x27,0x26,
  0x27,0x26,0x27,0x26,0x27,0x26,0x27,0x26,0x26,0x27,0x26,0x26,0x27,0x26,0x27,0x26,
  0x27,0x26,0x35,0x31,0x34,0x37,0x36,0x37,0x36,0x37,0x36,0x33,0x31,0x32,0x17,0x16,
  0x17,0x16,0x17,0x16,0x15,0x15,0x33,0x35,0x31,0x34,0x27,0x26,0x27,0x26,0x27,0x26,
  0x26,0x27,0x26,0x27,0x26,0x23,0x31,0x22,0x7,0x6,0x7,0x6,0x7,0x6,0x7,0x6,
  0x7,0x6,0x15,0x31,0x14,0x17,0x16,0x16,0x17,0x16,0x16,0x17,0x16,0x17,0x16,0x17,
  0x16,0x17,0x16,0x17,0x16,0x17,0x16,0x17,0x16,0x15,0x31,0x14,0x7,0x6,0x7,0x6,
  0x7,0x6,0x23,0x31,0x22,0x27,0x26,0x27,0x26,0x27,0x26,0x35,0x35,0x23,0x15,0x31,
  0x14,0x17,0x16,0x17,0x16,0x17,0x16,0x17,0x16,0x17,0x16,0x33,0x21,0x32,0x37,0x36,
  0x37,0x36,0x37,0x36,0x36,0x37,0x36,0x37,0x36,0x35,0x11,0x23,0x11,0x31,0x14,0x14,
  0x7,0x6,0x6,0x7,0x6,0x7,0x6,0x7,0x6,0x7,0x6,0x23,0x31,0x22,0x27,0x26,
  0x27,0x26,0x27,0x26,0x27,0x26,0x26,0x27,0x26,0x26,0x35,0x11,0x23,0x11,0x31,0x14,
  0x17,0x16,0x17,0x16,0x17,0x16,0x17,0x16,0x17,0x16,0x33,0x25,0x31,0x32,0x37,0x36,
  0x37,0x36,0x37,0x36,0x37,0x36,0x37,0x36,0x35,0x31,0x34,0x27,0x26,0x27,0x26,0x27,
  0x26,0x26,0x27,0x31,0x36,0x37,0x36,0x37,0x36,0x36,0x37,0x36,0x35,0x31,0x34,0x27,
  0x26,0x27,0x26,0x27,0x26,0x27,0x26,0x27,0x26,0x23,0x23,0x11,0x13,0x33,0x31,0x32,
  0x17,0x16,0x17,0x16,0x17,0x16,0x15,0x31,0x14,0x7,0x6,0x7,0x6,0x7,0x6,0x23,
  0x23,0x15,0x33,0x31,0x32,0x17,0x16,0x17,0x16,0x17,0x16,0x15,0x31,0x14,0x7,0x6,
  0x7,0x6,0x7,0x6,0x23,0x23,0x1,0x21,0x11,0x21,0xf9,0x18,0x1c,0x19,0x18,0x17,
  0x14,0x13,0xd,0xc,0x6,0x6,0x5,0x5,0xc,0xa,0x10,0xf,0x12,0x10,0x16,0xa,
  0x15,0xb,0xa,0x15,0xb,0x16,0x10,0x10,0xb,0xb,0x5,0x5,0xa,0xa,0x12,0xf,
  0x12,0x11,0x10,0x12,0x9,0xc,0x4,0x5,0x6f,0x6,0x5,0xc,0xb,0x13,0xa,0x14,
  0xb,0x16,0x1a,0x17,0x1b,0x1b,0x17,0x16,0x1a,0x18,0x11,0x13,0xb,0xd,0x4,0x6,
  0x6,0x2,0x9,0x5,0x5,0xe,0x7,0xf,0x12,0x15,0x11,0x15,0x14,0x13,0x18,0x16,
  0x10,0x12,0xa,0xa,0x5,0x6,0xc,0xe,0x10,0x11,0x13,0x12,0x11,0x11,0xc,0xd,
  0x6,0x6,0x6f,0x7,0x6,0xd,0xc,0x14,0x14,0x17,0x17,0x19,0x17,0x1c,0x1,0xf5,
  0x1b,0x1b,0x19,0x19,0x17,0x12,0x8,0xf,0x5,0x9,0x5,0x4,0x6f,0x1,0x1,0x2,
  0x2,0x5,0x5,0x6,0x9,0x9,0xe,0xf,0xb,0xb,0xf,0xc,0xa,0xa,0x6,0x6,
  0x3,0x2,0x2,0x1,0x1,0x1,0x6f,0x4,0x4,0xb,0xb,0x11,0x10,0x18,0x19,0x19,
  0x1b,0x1b,0x1,0xe5,0x1a,0x20,0x21,0x16,0x18,0x18,0x16,0xe,0xe,0x6,0x5,0x5,
  0x7,0xc,0xe,0x15,0xa,0x17,0xd,0x12,0x12,0xe,0xb,0x5,0x7,0x2,0x3,0x4,
  0x4,0xc,0xd,0x11,0x12,0x18,0x19,0x19,0x1e,0x17,0xb0,0x6f,0x41,0x12,0x13,0x12,
  0xa,0xb,0x4,0x4,0x4,0x5,0x9,0xa,0x13,0x12,0x13,0x41,0x41,0x19,0x15,0x14,
  0x11,0xe,0x8,0x6,0x6,0x8,0xe,0x11,0x15,0x18,0x15,0x41,0xfb,0x6e,0x5,0xdc,
  0xfa,0x24,0x8,0x5,0x4,0xb,0xb,0x12,0x13,0x16,0x17,0x19,0x1a,0x19,0x16,0x1b,
  0x15,0x19,0x15,0x15,0x14,0x10,0xf,0xf,0x7,0xd,0x7,0x6,0xc,0x7,0xd,0x11,
  0x10,0x18,0x18,0x17,0x11,0x12,0x12,0xd,0xd,0x8,0x7,0x6,0x8,0xc,0x10,0xd,
  0x12,0x10,0x2,0x4,0x19,0x19,0x15,0x19,0x15,0x13,0x8,0xf,0x5,0xb,0x4,0x4,
  0x4,0x4,0xc,0xd,0x11,0x15,0x14,0x18,0x18,0x19,0x19,0x19,0x18,0xc,0x17,0xb,
  0xb,0x14,0xa,0x13,0x11,0x13,0xc,0xf,0xb,0xc,0xd,0xe,0x10,0x14,0x15,0x15,
  0x1a,0x10,0x14,0x11,0xe,0xe,0x6,0x7,0x6,0x5,0xd,0xb,0x13,0x11,0x11,0x2,
  0x3,0x1b,0x18,0x19,0x16,0x16,0x11,0x11,0xa,0xa,0x5,0x4,0x6,0x4,0xf,0xe,
  0x16,0xb,0x16,0xd,0x16,0x1e,0x18,0x1e,0x2,0x12,0xfd,0xee,0x7,0xc,0x7,0x7,
  0xd,0x6,0xf,0xa,0xc,0x9,0x9,0x5,0x5,0x5,0x3,0xb,0x8,0xd,0xc,0xd,
  0x6,0xd,0x7,0x7,0xc,0x7,0x2,0x12,0xfd,0xee,0x1e,0x18,0x1a,0x1a,0x1a,0x14,
  0x15,0xf,0xf,0x4,0x6,0x8,0x5,0x5,0xc,0xb,0x15,0x13,0x1b,0x1b,0x1b,0x20,
  0x1a,0x18,0x1e,0x1d,0x14,0x18,0x10,0x8,0xf,0x5,0xb,0x12,0xf,0x15,0xa,0x16,
  0xb,0x17,0x16,0x1d,0x18,0x17,0x1b,0x19,0x12,0x12,0xd,0xd,0x4,0x5,0xfd,0x21,
  0x2,0x7f,0x8,0xa,0xe,0x11,0x12,0x11,0x15,0x15,0x11,0x14,0xf,0x10,0x8,0x9,
  0x60,0x7,0x7,0x12,0x11,0x17,0x16,0x18,0x17,0x17,0x19,0xf,0x11,0x7,0x8,0x2,
  0xc0,0xfc,0x18,0x0,0x4,0x0,0x0,0xff,0x38,0x5,0xdc,0x3,0x20,0x0,0xb,0x0,
  0x98,0x1,0x3,0x1,0x7,0x0,0x0,0x21,0x35,0x21,0x35,0x33,0x35,0x23,0x35,0x21,
  0x35,0x21,0x11,0x5,0x32,0x37,0x36,0x37,0x36,0x37,0x36,0x37,0x36,0x37,0x36,0x35,
  0x31,0x34,0x27,0x26,0x27,0x26,0x27,0x26,0x27,0x26,0x27,0x26,0x26,0x27,0x26,0x26,
  0x27,0x26,0x27,0x26,0x27,0x26,0x35,0x31,0x34,0x37,0x36,0x37,0x36,0x37,0x36,0x33,
  0x31,0x32,0x17,0x16,0x17,0x16,0x17,0x16,0x15,0x15,0x33,0x35,0x31,0x34,0x27,0x26,
  0x27,0x26,0x27,0x26,0x26,0x27,0x26,0x27,0x26,0x23,0x31,0x22,0x7,0x6,0x7,0x6,
  0x7,0x6,0x7,0x6,0x7,0x6,0x15,0x31,0x14,0x17,0x16,0x16,0x17,0x16,0x16,0x17,
  0x16,0x17,0x16,0x17,0x16,0x17,0x16,0x17,0x16,0x17,0x16,0x17,0x16,0x15,0x31,0x14,
  0x7,0x6,0x7,0x6,0x7,0x6,0x23,0x31,0x22,0x27,0x26,0x27,0x26,0x27,0x26,0x35,
  0x35,0x23,0x15,0x31,0x14,0x17,0x16,0x17,0x16,0x17,0x16,0x17,0x16,0x17,0x16,0x33,
  0x21,0x32,0x37,0x36,0x37,0x36,0x37,0x36,0x37,0x36,0x37,0x36,0x35,0x35,0x23,0x15,
  0x31,0x14,0x7,0x6,0x7,0x6,0x7,0x6,0x23,0x31,0x22,0x27,0x26,0x27,0x26,0x27,
  0x26,0x27,0x26,0x26,0x27,0x26,0x26,0x35,0x11,0x31,0x34,0x36,0x37,0x36,0x37,0x36,
  0x37,0x36,0x37,0x36,0x37,0x36,0x33,0x31,0x32,0x17,0x16,0x17,0x16,0x17,0x16,0x15,
  0x15,0x33,0x35,0x31,0x34,0x27,0x26,0x27,0x26,0x27,0x26,0x27,0x26,0x27,0x26,0x23,
  0x31,0x22,0x7,0x6,0x7,0x6,0x7,0x6,0x7,0x6,0x7,0x6,0x15,0x11,0x31,0x14,
  0x17,0x16,0x17,0x16,0x17,0x16,0x17,0x16,0x17,0x16,0x33,0x1,0x21,0x11,0x21,0x1,
  0xb9,0xfe,0xf9,0xce,0xce,0x1,0x7,0xfe,0x8a,0x2,0xaa,0x18,0x1c,0x19,0x18,0x17,
  0x14,0x11,0xf,0xc,0x6,0x6,0x5,0x5,0xc,0xa,0x10,0xf,0x12,0x10,0x16,0xa,
  0x15,0xb,0xa,0x15,0xb,0x16,0x10,0x10,0xb,0xb,0x5,0x5,0xa,0xa,0x12,0xf,
  0x12,0x11,0x10,0x12,0x9,0xc,0x4,0x5,0x6f,0x6,0x5,0xc,0xb,0x13,0xa,0x14,
  0xb,0x16,0x1a,0x17,0x1b,0x1b,0x17,0x16,0x1a,0x18,0x11,0x13,0xb,0xd,0x4,0x6,
  0x6,0x2,0x9,0x5,0x5,0xe,0x7,0xf,0x12,0x15,0x11,0x15,0x14,0x13,0x18,0x16,
  0x10,0x12,0xa,0xa,0x5,0x6,0xc,0xe,0x10,0x11,0x13,0x12,0x11,0x11,0xc,0xd,
  0x6,0x6,0x6f,0x7,0x6,0xd,0xc,0x14,0x14,0x17,0x17,0x19,0x17,0x1c,0x1,0xf2,
  0x18,0x1c,0x1b,0x15,0x17,0x13,0x12,0xd,0xb,0x6,0x6,0x6f,0x5,0x4,0xc,0xa,
  0x12,0x11,0x13,0xe,0xc,0xe,0xa,0x8,0x9,0x6,0x5,0x2,0x2,0x1,0x1,0x1,
  0x1,0x1,0x2,0x3,0x5,0x6,0x9,0x8,0xa,0xe,0xc,0xe,0x13,0x11,0x12,0xa,
  0xc,0x4,0x5,0x6f,0x6,0x5,0xc,0xd,0x12,0x13,0x17,0x18,0x18,0x17,0x1d,0x18,
  0x1e,0x1c,0x17,0x17,0x13,0x14,0x9,0xb,0x5,0x4,0x4,0x5,0xb,0xa,0x13,0x11,
  0x19,0x1b,0x18,0x1b,0x1b,0xfb,0x21,0x5,0xdc,0xfa,0x24,0x60,0xee,0x60,0xd1,0x60,
  0xfd,0x21,0x8,0x5,0x4,0xb,0xb,0x12,0xf,0x1a,0x17,0x19,0x1a,0x19,0x16,0x1b,
  0x15,0x19,0x15,0x15,0x14,0x10,0xf,0xf,0x7,0xd,0x7,0x6,0xc,0x7,0xd,0x11,
  0x10,0x18,0x18,0x17,0x11,0x12,0x12,0xd,0xd,0x8,0x7,0x6,0x8,0xc,0x10,0xd,
  0x12,0x10,0x2,0x4,0x19,0x19,0x15,0x19,0x15,0x13,0x8,0xf,0x5,0xb,0x4,0x4,
  0x4,0x4,0xc,0xd,0x11,0x15,0x14,0x18,0x18,0x19,0x19,0x19,0x18,0xc,0x17,0xb,
  0xb,0x14,0xa,0x13,0x11,0x13,0xc,0xf,0xb,0xc,0xd,0xe,0x10,0x14,0x15,0x15,
  0x1a,0x10,0x14,0x11,0xe,0xe,0x6,0x7,0x6,0x5,0xd,0xb,0x13,0x11,0x11,0x2,
  0x3,0x1b,0x18,0x19,0x16,0x16,0x11,0x11,0xa,0xa,0x5,0x4,0x5,0x5,0xb,0xc,
  0x12,0x11,0x18,0x18,0x19,0x1a,0x19,0x1,0x1,0x11,0x12,0x11,0xf,0xe,0x8,0x7,
  0x4,0x5,0x8,0x7,0xe,0x9,0x10,0x7,0xd,0x7,0x7,0xd,0x7,0x1,0x45,0x7,
  0xe,0x7,0x11,0x9,0x10,0x9,0xe,0x7,0x8,0x5,0x4,0x7,0x8,0xd,0x11,0xf,
  0x14,0x10,0x1,0x1,0x1b,0x19,0x17,0x19,0x18,0x11,0x12,0xc,0xd,0x4,0x4,0x5,
  0x6,0xd,0xd,0x16,0x19,0x16,0x18,0x1c,0x19,0x1e,0xfe,0xbb,0x1e,0x18,0x1d,0x18,
  0x17,0x17,0x15,0xe,0xf,0x4,0x6,0x3,0x28,0xfc,0x18,0x0,0x3,0x0,0x0,0xff,
  0x38,0x3,0xe8,0x3,0x20,0x0,0x9,0x0,0x96,0x0,0x9a,0x0,0x79,0x40,0x76,0x0,
  0x3,0x8,0x6,0x8,0x3,0x72,0x0,0x6,0x2,0x8,0x6,0x2,0x7e,0x0,0x7,0x2,
  0x1,0x2,0x7,0x1,0x80,0x0,0x0,0x1,0xa,0x1,0x0,0xa,0x80,0x0,0xa,0x9,
  0x1,0xa,0x9,0x7e,0x0,0x9,0x4,0x1,0x9,0x4,0x7e,0xd,0x1,0x4,0x5,0x5,
  0x4,0x70,0x0,0xb,0x0,0x8,0x3,0xb,0x8,0x69,0x0,0x2,0x0,0x1,0x0,0x2,
  0x1,0x67,0xe,0x1,0x5,0xc,0xc,0x5,0x59,0xe,0x1,0x5,0x5,0xc,0x60,0x0,
  0xc,0x5,0xc,0x50,0xb,0xa,0x0,0x0,0x9a,0x99,0x98,0x97,0x88,0x86,0x7f,0x7c,
  0x52,0x4f,0x41,0x3f,0x38,0x35,0xa,0x96,0xb,0x95,0x0,0x9,0x0,0x9,0x11,0x11,
  0x11,0x11,0xf,0x6,0x1a,0x2b,0x33,0x11,0x33,0x35,0x23,0x35,0x33,0x35,0x21,0x11,
  0x5,0x32,0x37,0x36,0x37,0x36,0x37,0x36,0x37,0x36,0x37,0x36,0x35,0x31,0x34,0x27,
  0x26,0x27,0x26,0x27,0x26,0x27,0x26,0x27,0x26,0x26,0x27,0x26,0x26,0x27,0x26,0x27,
  0x26,0x27,0x26,0x35,0x31,0x34,0x37,0x36,0x37,0x36,0x37,0x36,0x33,0x31,0x32,0x17,
  0x16,0x17,0x16,0x17,0x16,0x15,0x15,0x33,0x35,0x31,0x34,0x27,0x26,0x27,0x26,0x27,
  0x26,0x26,0x27,0x26,0x27,0x26,0x23,0x31,0x22,0x7,0x6,0x7,0x6,0x7,0x6,0x7,
  0x6,0x7,0x6,0x15,0x31,0x14,0x17,0x16,0x16,0x17,0x16,0x16,0x17,0x16,0x17,0x16,
  0x17,0x16,0x17,0x16,0x17,0x16,0x17,0x16,0x17,0x16,0x15,0x31,0x14,0x7,0x6,0x7,
  0x6,0x7,0x6,0x23,0x31,0x22,0x27,0x26,0x27,0x26,0x27,0x26,0x35,0x35,0x23,0x15,
  0x31,0x14,0x17,0x16,0x17,0x16,0x17,0x16,0x17,0x16,0x17,0x16,0x33,0x1,0x21,0x11,
  0x21,0xc8,0xb8,0xb8,0xf1,0xfe,0x9f,0x2,0x95,0x18,0x1c,0x19,0x18,0x17,0x14,0x11,
  0xf,0xc,0x6,0x6,0x5,0x5,0xc,0xa,0x10,0xf,0x12,0x10,0x16,0xa,0x15,0xb,
  0xa,0x15,0xb,0x16,0x10,0x10,0xb,0xb,0x5,0x5,0xa,0xa,0x12,0xf,0x12,0x11,
  0x10,0x12,0x9,0xc,0x4,0x5,0x6f,0x6,0x5,0xc,0xb,0x13,0xa,0x14,0xb,0x16,
  0x1a,0x17,0x1b,0x1b,0x17,0x16,0x1a,0x18,0x11,0x13,0xb,0xd,0x4,0x6,0x6,0x2,
  0x9,0x5,0x5,0xe,0x7,0xf,0x12,0x15,0x11,0x15,0x14,0x13,0x18,0x16,0x10,0x12,
  0xa,0xa,0x5,0x6,0xc,0xe,0x10,0x11,0x13,0x12,0x11,0x11,0xc,0xd,0x6,0x6,
  0x6f,0x7,0x6,0xd,0xc,0x14,0x14,0x17,0x17,0x19,0x17,0x1c,0xfd,0x13,0x3,0xe8,
  0xfc,0x18,0x1,0x4e,0x60,0xd1,0x60,0xfd,0x21,0x8,0x5,0x4,0xb,0xb,0x12,0xf,
  0x1a,0x17,0x19,0x1a,0x19,0x16,0x1b,0x15,0x19,0x15,0x15,0x14,0x10,0xf,0xf,0x7,
  0xd,0x7,0x6,0xc,0x7,0xd,0x11,0x10,0x18,0x18,0x17,0x11,0x12,0x12,0xd,0xd,
  0x8,0x7,0x6,0x8,0xc,0x10,0xd,0x12,0x10,0x2,0x4,0x19,0x19,0x15,0x19,0x15,
  0x13,0x8,0xf,0x5,0xb,0x4,0x4,0x4,0x4,0xc,0xd,0x11,0x15,0x14,0x18,0x18,
  0x19,0x19,0x19,0x18,0xc,0x17,0xb,0xb,0x14,0xa,0x13,0x11,0x13,0xc,0xf,0xb,
  0xc,0xd,0xe,0x10,0x14,0x15,0x15,0x1a,0x10,0x14,0x11,0xe,0xe,0x6,0x7,0x6,
  0x5,0xd,0xb,0x13,0x11,0x11,0x2,0x3,0x1b,0x18,0x19,0x16,0x16,0x11,0x11,0xa,
  0xa,0x5,0x4,0x3,0x28,0xfc,0x18,0x0,0x3,0x0,0x0,0xff,0x38,0x3,0xe8,0x3,
  0x20,0x0,0x6a,0x0,0xf7,0x0,0xfb,0x0,0xdd,0xb5,0x8,0x1,0x4,0xd,0x1,0x4c,
  0x4b,0xb0,0xd,0x50,0x58,0x40,0x4e,0x9,0x1,0x5,0x7,0xa,0x6,0x5,0x72,0x0,
  0xa,0x6,0x7,0xa,0x6,0x7e,0x0,0xd,0x3,0x4,0x3,0xd,0x4,0x80,0x0,0x1,
  0x4,0x0,0x0,0x1,0x72,0x0,0xe,0xb,0x1,0x7,0x5,0xe,0x7,0x69,0x0,0x6,
  0x0,0x2,0x3,0x6,0x2,0x68,0x0,0x3,0xc,0x1,0x4,0x1,0x3,0x4,0x69,0x11,
  0x8,0x10,0x3,0x0,0xf,0xf,0x0,0x59,0x11,0x8,0x10,0x3,0x0,0x0,0xf,0x60,
  0x0,0xf,0x0,0xf,0x50,0x1b,0x40,0x4f,0x9,0x1,0x5,0x7,0xa,0x7,0x5,0xa,
  0x80,0x0,0xa,0x6,0x7,0xa,0x6,0x7e,0x0,0xd,0x3,0x4,0x3,0xd,0x4,0x80,
  0x0,0x1,0x4,0x0,0x0,0x1,0x72,0x0,0xe,0xb,0x1,0x7,0x5,0xe,0x7,0x69,
  0x0,0x6,0x0,0x2,0x3,0x6,0x2,0x68,0x0,0x3,0xc,0x1,0x4,0x1,0x3,0x4,
  0x69,0x11,0x8,0x10,0x3,0x0,0xf,0xf,0x0,0x59,0x11,0x8,0x10,0x3,0x0,0x0,
  0xf,0x60,0x0,0xf,0x0,0xf,0x50,0x59,0x40,0x2b,0x6c,0x6b,0x1,0x0,0xfb,0xfa,
  0xf9,0xf8,0xe9,0xe7,0xe0,0xdd,0xb3,0xb0,0xa2,0xa0,0x99,0x96,0x6b,0xf7,0x6c,0xf6,
  0x51,0x4e,0x41,0x3f,0x38,0x35,0x20,0x1d,0xe,0xd,0xc,0xb,0xa,0x9,0x0,0x6a,
  0x1,0x69,0x12,0x6,0x16,0x2b,0x17,0x32,0x37,0x36,0x37,0x36,0x37,0x36,0x37,0x15,
  0x33,0x11,0x23,0x15,0x33,0x15,0x31,0x14,0x14,0x7,0x6,0x6,0x7,0x6,0x7,0x6,
  0x7,0x6,0x7,0x6,0x23,0x31,0x22,0x27,0x26,0x27,0x26,0x27,0x26,0x35,0x11,0x31,
  0x34,0x36,0x37,0x36,0x37,0x36,0x37,0x36,0x37,0x36,0x37,0x36,0x33,0x31,0x32,0x17,
  0x16,0x17,0x16,0x17,0x16,0x15,0x15,0x33,0x35,0x31,0x34,0x27,0x26,0x27,0x26,0x27,
  0x26,0x27,0x26,0x27,0x26,0x23,0x31,0x22,0x7,0x6,0x7,0x6,0x7,0x6,0x7,0x6,
  0x7,0x6,0x15,0x11,0x31,0x14,0x17,0x16,0x17,0x16,0x17,0x16,0x17,0x16,0x17,0x16,
  0x33,0x21,0x32,0x37,0x36,0x37,0x36,0x37,0x36,0x37,0x36,0x37,0x36,0x35,0x31,0x34,
  0x27,0x26,0x27,0x26,0x27,0x26,0x27,0x26,0x27,0x26,0x26,0x27,0x26,0x26,0x27,0x26,
  0x27,0x26,0x27,0x26,0x35,0x31,0x34,0x37,0x36,0x37,0x36,0x37,0x36,0x33,0x31,0x32,
  0x17,0x16,0x17,0x16,0x17,0x16,0x15,0x15,0x33,0x35,0x31,0x34,0x27,0x26,0x27,0x26,
  0x27,0x26,0x26,0x27,0x26,0x27,0x26,0x23,0x31,0x22,0x7,0x6,0x7,0x6,0x7,0x6,
  0x7,0x6,0x7,0x6,0x15,0x31,0x14,0x17,0x16,0x16,0x17,0x16,0x16,0x17,0x16,0x17,
  0x16,0x17,0x16,0x17,0x16,0x17,0x16,0x17,0x16,0x17,0x16,0x15,0x31,0x14,0x7,0x6,
  0x7,0x6,0x7,0x6,0x23,0x31,0x22,0x27,0x26,0x27,0x26,0x27,0x26,0x35,0x35,0x23,
  0x15,0x31,0x14,0x17,0x16,0x17,0x16,0x17,0x16,0x17,0x16,0x17,0x16,0x33,0x1,0x21,
  0x11,0x21,0xcb,0x19,0x18,0x17,0x13,0x12,0xa,0xb,0x6,0x66,0xbf,0x50,0x1,0x1,
  0x2,0x2,0x5,0x5,0x6,0xa,0xa,0xd,0xf,0xb,0x16,0x11,0x12,0xb,0xa,0x5,
  0x4,0x1,0x1,0x2,0x3,0x5,0x6,0x9,0x8,0xa,0xe,0xc,0xe,0x13,0x11,0x12,
  0xa,0xc,0x4,0x5,0x6f,0x6,0x5,0xc,0xd,0x12,0x13,0x17,0x18,0x18,0x17,0x1d,
  0x18,0x1e,0x1c,0x17,0x17,0x13,0x14,0x9,0xb,0x5,0x4,0x3,0x2,0x7,0x8,0xb,
  0xb,0x14,0x14,0x16,0x18,0x18,0x2,0x22,0x18,0x1c,0x19,0x18,0x17,0x14,0x11,0xf,
  0xc,0x6,0x6,0x5,0x5,0xc,0xa,0x10,0xf,0x12,0x10,0x16,0xa,0x15,0xb,0xa,
  0x15,0xb,0x16,0x10,0x10,0xb,0xb,0x5,0x5,0xa,0xa,0x12,0xf,0x12,0x11,0x10,
  0x12,0x9,0xc,0x4,0x5,0x6f,0x6,0x5,0xc,0xb,0x13,0xa,0x14,0xb,0x16,0x1a,
  0x17,0x1b,0x1b,0x17,0x16,0x1a,0x18,0x11,0x13,0xb,0xd,0x4,0x6,0x6,0x2,0x9,
  0x5,0x5,0xe,0x7,0xf,0x12,0x15,0x11,0x15,0x14,0x13,0x18,0x16,0x10,0x12,0xa,
  0xa,0x5,0x6,0xc,0xe,0x10,0x11,0x13,0x12,0x11,0x11,0xc,0xd,0x6,0x6,0x6f,
  0x7,0x6,0xd,0xc,0x14,0x14,0x17,0x17,0x19,0x17,0x1c,0xfd,0x13,0x3,0xe8,0xfc,
  0x18,0x8,0x9,0x7,0x13,0x12,0x16,0x18,0x17,0x72,0x1,0x96,0x60,0x69,0x7,0xc,
  0x7,0x7,0xd,0x7,0xf,0xa,0xd,0x8,0x9,0x4,0x5,0xa,0xa,0x12,0x12,0x15,
  0x11,0x17,0x1,0x45,0x7,0xe,0x7,0x11,0x9,0x10,0x9,0xe,0x7,0x8,0x5,0x4,
  0x7,0x8,0xd,0x11,0xf,0x14,0x10,0x1,0x1,0x1b,0x19,0x17,0x19,0x18,0x11,0x12,
  0xc,0xd,0x4,0x4,0x5,0x6,0xd,0xd,0x16,0x19,0x16,0x18,0x1c,0x19,0x1e,0xfe,
  0xbb,0x19,0x18,0x19,0x17,0x1a,0x13,0x15,0x11,0x12,0x7,0x8,0x5,0x4,0xb,0xb,
  0x12,0xf,0x1a,0x17,0x19,0x1a,0x19,0x16,0x1b,0x15,0x19,0x15,0x15,0x14,0x10,0xf,
  0xf,0x7,0xd,0x7,0x6,0xc,0x7,0xd,0x11,0x10,0x18,0x18,0x17,0x11,0x12,0x12,
  0xd,0xd,0x8,0x7,0x6,0x8,0xc,0x10,0xd,0x12,0x10,0x2,0x4,0x19,0x19,0x15,
  0x19,0x15,0x13,0x8,0xf,0x5,0xb,0x4,0x4,0x4,0x4,0xc,0xd,0x11,0x15,0x14,
  0x18,0x18,0x19,0x19,0x19,0x18,0xc,0x17,0xb,0xb,0x14,0xa,0x13,0x11,0x13,0xc,
  0xf,0xb,0xc,0xd,0xe,0x10,0x14,0x15,0x15,0x1a,0x10,0x14,0x11,0xe,0xe,0x6,
  0x7,0x6,0x5,0xd,0xb,0x13,0x11,0x11,0x2,0x3,0x1b,0x18,0x19,0x16,0x16,0x11,
  0x11,0xa,0xa,0x5,0x4,0x3,0x28,0xfc,0x18,0x0,0x0,0x0,0x4,0x0,0x0,0xff,
  0x38,0x3,0xe8,0x3,0x20,0x0,0x1e,0x0,0x40,0x0,0xcd,0x0,0xd1,0x0,0x8e,0x40,
  0x8b,0x2c,0x1,0x5,0x8,0x1,0x1,0x2,0x5,0x2,0x4c,0x0,0x0,0x9,0x7,0x9,
  0x0,0x72,0x0,0x7,0x4,0x9,0x7,0x4,0x7e,0x0,0x4,0x8,0x9,0x4,0x8,0x7e,
  0x0,0x8,0x5,0x9,0x8,0x5,0x7e,0x0,0x5,0x2,0x9,0x5,0x2,0x7e,0x0,0x2,
  0xb,0x9,0x2,0xb,0x7e,0x0,0xb,0xa,0x9,0xb,0xa,0x7e,0x0,0xa,0x1,0x9,
  0xa,0x1,0x7e,0xe,0x3,0x2,0x1,0x6,0x6,0x1,0x70,0x0,0xc,0x0,0x9,0x0,
  0xc,0x9,0x69,0xf,0x1,0x6,0xd,0xd,0x6,0x59,0xf,0x1,0x6,0x6,0xd,0x60,
  0x0,0xd,0x6,0xd,0x50,0x42,0x41,0x0,0x0,0xd1,0xd0,0xcf,0xce,0xbf,0xbd,0xb6,
  0xb3,0x89,0x86,0x78,0x76,0x6f,0x6c,0x41,0xcd,0x42,0xcc,0x40,0x3e,0x22,0x1f,0x0,
  0x1e,0x0,0x1e,0x1d,0x1c,0x1b,0x1a,0x19,0x17,0x10,0x6,0x16,0x2b,0x21,0x3,0x31,
  0x36,0x37,0x36,0x37,0x36,0x37,0x36,0x35,0x31,0x34,0x27,0x26,0x26,0x27,0x26,0x27,
  0x26,0x27,0x26,0x27,0x26,0x23,0x23,0x11,0x33,0x11,0x33,0x13,0x3,0x33,0x31,0x32,
  0x17,0x16,0x17,0x16,0x17,0x16,0x16,0x17,0x16,0x17,0x16,0x14,0x15,0x31,0x14,0x14,
  0x7,0x6,0x6,0x7,0x6,0x6,0x7,0x6,0x7,0x6,0x7,0x6,0x23,0x23,0x1,0x32,
  0x37,0x36,0x37,0x36,0x37,0x36,0x37,0x36,0x37,0x36,0x35,0x31,0x34,0x27,0x26,0x27,
  0x26,0x27,0x26,0x27,0x26,0x27,0x26,0x26,0x27,0x26,0x26,0x27,0x26,0x27,0x26,0x27,
  0x26,0x35,0x31,0x34,0x37,0x36,0x37,0x36,0x37,0x36,0x33,0x31,0x32,0x17,0x16,0x17,
  0x16,0x17,0x16,0x15,0x15,0x33,0x35,0x31,0x34,0x27,0x26,0x27,0x26,0x27,0x26,0x26,
  0x27,0x26,0x27,0x26,0x23,0x31,0x22,0x7,0x6,0x7,0x6,0x7,0x6,0x7,0x6,0x7,
  0x6,0x15,0x31,0x14,0x17,0x16,0x16,0x17,0x16,0x16,0x17,0x16,0x17,0x16,0x17,0x16,
  0x17,0x16,0x17,0x16,0x17,0x16,0x17,0x16,0x15,0x31,0x14,0x7,0x6,0x7,0x6,0x7,
  0x6,0x23,0x31,0x22,0x27,0x26,0x27,0x26,0x27,0x26,0x35,0x35,0x23,0x15,0x31,0x14,
  0x17,0x16,0x17,0x16,0x17,0x16,0x17,0x16,0x17,0x16,0x33,0x1,0x21,0x11,0x21,0x1,
  0xd1,0x87,0x1b,0x1c,0x18,0xf,0xe,0x6,0x5,0x4,0x2,0x7,0x5,0xb,0x10,0x11,
  0x19,0x17,0x1c,0x1c,0x1c,0xc4,0x6f,0x2e,0x82,0xb0,0x55,0xd,0xf,0xd,0xa,0xa,
  0x6,0x3,0x5,0x2,0x4,0x1,0x1,0x1,0x1,0x2,0x2,0x2,0x5,0x3,0x6,0xa,
  0xb,0xc,0xd,0xf,0x55,0x2,0x43,0x18,0x1c,0x19,0x18,0x17,0x14,0x11,0xf,0xc,
  0x6,0x6,0x5,0x5,0xc,0xa,0x10,0xf,0x12,0x10,0x16,0xa,0x15,0xb,0xa,0x15,
  0xb,0x16,0x10,0x10,0xb,0xb,0x5,0x5,0xa,0xa,0x12,0xf,0x12,0x11,0x10,0x12,
  0x9,0xc,0x4,0x5,0x6f,0x6,0x5,0xc,0xb,0x13,0xa,0x14,0xb,0x16,0x1a,0x17,
  0x1b,0x1b,0x17,0x16,0x1a,0x18,0x11,0x13,0xb,0xd,0x4,0x6,0x6,0x2,0x9,0x5,
  0x5,0xe,0x7,0xf,0x12,0x15,0x11,0x15,0x14,0x13,0x18,0x16,0x10,0x12,0xa,0xa,
  0x5,0x6,0xc,0xe,0x10,0x11,0x13,0x12,0x11,0x11,0xc,0xd,0x6,0x6,0x6f,0x7,
  0x6,0xd,0xc,0x14,0x14,0x17,0x17,0x19,0x17,0x1c,0xfd,0x13,0x3,0xe8,0xfc,0x18,
  0x1,0x2b,0xa,0x18,0x17,0x1d,0x1e,0x1f,0x23,0x1e,0x1f,0x19,0xe,0x1b,0xd,0x1c,
  0x15,0x16,0xf,0xe,0x8,0x6,0xfd,0x21,0x1,0x1f,0xfe,0xe1,0x2,0x7f,0x5,0x6,
  0xa,0xa,0xd,0x7,0xd,0x7,0x11,0xb,0x7,0xf,0x7,0x7,0xe,0x7,0x7,0xe,
  0x7,0x7,0xd,0x7,0xe,0xa,0xb,0x4,0x6,0xfe,0x79,0x5,0x4,0xb,0xb,0x12,
  0xf,0x1a,0x17,0x19,0x1a,0x19,0x16,0x1b,0x15,0x19,0x15,0x15,0x14,0x10,0xf,0xf,
  0x7,0xd,0x7,0x6,0xc,0x7,0xd,0x11,0x10,0x18,0x18,0x17,0x11,0x12,0x12,0xd,
  0xd,0x8,0x7,0x6,0x8,0xc,0x10,0xd,0x12,0x10,0x2,0x4,0x19,0x19,0x15,0x19,
  0x15,0x13,0x8,0xf,0x5,0xb,0x4,0x4,0x4,0x4,0xc,0xd,0x11,0x15,0x14,0x18,
  0x18,0x19,0x19,0x19,0x18,0xc,0x17,0xb,0xb,0x14,0xa,0x13,0x11,0x13,0xc,0xf,
  0xb,0xc,0xd,0xe,0x10,0x14,0x15,0x15,0x1a,0x10,0x14,0x11,0xe,0xe,0x6,0x7,
  0x6,0x5,0xd,0xb,0x13,0x11,0x11,0x2,0x3,0x1b,0x18,0x19,0x16,0x16,0x11,0x11,
  0xa,0xa,0x5,0x4,0x3,0x28,0xfc,0x18,0x0,0x0,0x0,0x0,0x3,0x0,0x0,0xff,
  0x38,0x3,0xe8,0x3,0x20,0x0,0x3d,0x0,0xca,0x0,0xce,0x0,0x69,0x40,0x66,0x3,
  0x1,0x1,0x7,0x5,0x7,0x1,0x72,0x0,0x5,0x6,0x7,0x5,0x6,0x7e,0x0,0x6,
  0x9,0x7,0x6,0x9,0x7e,0x0,0x9,0x2,0x7,0x9,0x2,0x7e,0x8,0x1,0x2,0x0,
  0x7,0x2,0x0,0x7e,0x0,0xa,0x0,0x7,0x1,0xa,0x7,0x69,0xd,0x4,0xc,0x3,
  0x0,0xb,0xb,0x0,0x59,0xd,0x4,0xc,0x3,0x0,0x0,0xb,0x5f,0x0,0xb,0x0,
  0xb,0x4f,0x3f,0x3e,0x1,0x0,0xce,0xcd,0xcc,0xcb,0xbc,0xba,0xb3,0xb0,0x86,0x83,
  0x75,0x73,0x6c,0x69,0x3e,0xca,0x3f,0xc9,0x2f,0x2e,0x20,0x1d,0xf,0xe,0x0,0x3d,
  0x1,0x3c,0xe,0x6,0x16,0x2b,0x17,0x32,0x37,0x36,0x37,0x36,0x37,0x36,0x36,0x37,
  0x36,0x37,0x36,0x35,0x11,0x23,0x11,0x31,0x14,0x14,0x7,0x6,0x7,0x6,0x7,0x6,
  0x7,0x6,0x7,0x6,0x23,0x31,0x22,0x27,0x26,0x27,0x26,0x27,0x26,0x27,0x26,0x26,
  0x27,0x26,0x26,0x35,0x11,0x23,0x11,0x31,0x14,0x17,0x16,0x17,0x16,0x17,0x16,0x17,
  0x16,0x17,0x16,0x33,0x21,0x32,0x37,0x36,0x37,0x36,0x37,0x36,0x37,0x36,0x37,0x36,
  0x35,0x31,0x34,0x27,0x26,0x27,0x26,0x27,0x26,0x27,0x26,0x27,0x26,0x26,0x27,0x26,
  0x26,0x27,0x26,0x27,0x26,0x27,0x26,0x35,0x31,0x34,0x37,0x36,0x37,0x36,0x37,0x36,
  0x33,0x31,0x32,0x17,0x16,0x17,0x16,0x17,0x16,0x15,0x15,0x33,0x35,0x31,0x34,0x27,
  0x26,0x27,0x26,0x27,0x26,0x26,0x27,0x26,0x27,0x26,0x23,0x31,0x22,0x7,0x6,0x7,
  0x6,0x7,0x6,0x7,0x6,0x7,0x6,0x15,0x31,0x14,0x17,0x16,0x16,0x17,0x16,0x16,
  0x17,0x16,0x17,0x16,0x17,0x16,0x17,0x16,0x17,0x16,0x17,0x16,0x17,0x16,0x15,0x31,
  0x14,0x7,0x6,0x7,0x6,0x7,0x6,0x23,0x31,0x22,0x27,0x26,0x27,0x26,0x27,0x26,
  0x35,0x35,0x23,0x15,0x31,0x14,0x17,0x16,0x17,0x16,0x17,0x16,0x17,0x16,0x17,0x16,
  0x33,0x1,0x21,0x11,0x21,0xfa,0x1b,0x1b,0x19,0x19,0x17,0x12,0x8,0xf,0x5,0xa,
  0x4,0x4,0x6f,0x1,0x1,0x4,0x5,0x5,0x6,0x9,0x9,0xe,0xf,0xb,0xb,0xf,
  0xc,0xa,0xa,0x6,0x6,0x3,0x2,0x2,0x1,0x1,0x1,0x6f,0x4,0x4,0xb,0xb,
  0x11,0x10,0x18,0x19,0x19,0x1b,0x1b,0x1,0xf3,0x18,0x1c,0x19,0x18,0x17,0x14,0x11,
  0xf,0xc,0x6,0x6,0x5,0x5,0xc,0xa,0x10,0xf,0x12,0x10,0x16,0xa,0x15,0xb,
  0xa,0x15,0xb,0x16,0x10,0x10,0xb,0xb,0x5,0x5,0xa,0xa,0x12,0xf,0x12,0x11,
  0x10,0x12,0x9,0xc,0x4,0x5,0x6f,0x6,0x5,0xc,0xb,0x13,0xa,0x14,0xb,0x16,
  0x1a,0x17,0x1b,0x1b,0x17,0x16,0x1a,0x18,0x11,0x13,0xb,0xd,0x4,0x6,0x6,0x2,
  0x9,0x5,0x5,0xe,0x7,0xf,0x12,0x15,0x11,0x15,0x14,0x13,0x18,0x16,0x10,0x12,
  0xa,0xa,0x5,0x6,0xc,0xe,0x10,0x11,0x13,0x12,0x11,0x11,0xc,0xd,0x6,0x6,
  0x6f,0x7,0x6,0xd,0xc,0x14,0x14,0x17,0x17,0x19,0x17,0x1c,0xfd,0x13,0x3,0xe8,
  0xfc,0x18,0x8,0x6,0x4,0xf,0xe,0x16,0xb,0x16,0xd,0x1d,0x17,0x18,0x1e,0x2,
  0x12,0xfd,0xee,0x7,0xc,0x7,0xb,0xf,0xf,0xa,0xc,0x9,0x9,0x5,0x5,0x5,
  0x3,0xb,0x8,0xd,0xc,0xd,0x6,0xd,0x7,0x7,0xc,0x7,0x2,0x12,0xfd,0xee,
  0x1e,0x18,0x1a,0x1a,0x1a,0x14,0x15,0xf,0xf,0x4,0x6,0x5,0x4,0xb,0xb,0x12,
  0xf,0x1a,0x17,0x19,0x1a,0x19,0x16,0x1b,0x15,0x19,0x15,0x15,0x14,0x10,0xf,0xf,
  0x7,0xd,0x7,0x6,0xc,0x7,0xd,0x11,0x10,0x18,0x18,0x17,0x11,0x12,0x12,0xd,
  0xd,0x8,0x7,0x6,0x8,0xc,0x10,0xd,0x12,0x10,0x2,0x4,0x19,0x19,0x15,0x19,
  0x15,0x13,0x8,0xf,0x5,0xb,0x4,0x4,0x4,0x4,0xc,0xd,0x11,0x15,0x14,0x18,
  0x18,0x19,0x19,0x19,0x18,0xc,0x17,0xb,0xb,0x14,0xa,0x13,0x11,0x13,0xc,0xf,
  0xb,0xc,0xd,0xe,0x10,0x14,0x15,0x15,0x1a,0x10,0x14,0x11,0xe,0xe,0x6,0x7,
  0x6,0x5,0xd,0xb,0x13,0x11,0x11,0x2,0x3,0x1b,0x18,0x19,0x16,0x16,0x11,0x11,
  0xa,0xa,0x5,0x4,0x3,0x28,0xfc,0x18,0x0,0x0,0x0,0x0,0x5,0x0,0x0,0xff,
  0x38,0x5,0xdc,0x3,0x20,0x0,0x20,0x0,0x3e,0x0,0x4a,0x0,0x50,0x0,0x54,0x0,
  0x67,0x40,0x64,0x0,0xd,0xb,0x8,0x2,0x1,0x2,0xd,0x1,0x67,0x7,0x1,0x2,
  0x0,0x6,0x5,0x2,0x6,0x67,0x0,0x5,0xa,0x4,0x2,0x3,0x0,0x5,0x3,0x67,
  0x11,0xc,0x10,0x9,0xf,0x5,0x0,0xe,0xe,0x0,0x57,0x11,0xc,0x10,0x9,0xf,
  0x5,0x0,0x0,0xe,0x5f,0x0,0xe,0x0,0xe,0x4f,0x4b,0x4b,0x3f,0x3f,0x2,0x0,
  0x54,0x53,0x52,0x51,0x4b,0x50,0x4b,0x50,0x4f,0x4e,0x4d,0x4c,0x3f,0x4a,0x3f,0x4a,
  0x49,0x48,0x47,0x46,0x45,0x44,0x43,0x42,0x41,0x40,0x3e,0x3c,0x24,0x21,0x1f,0x1d,
  0x0,0x20,0x2,0x20,0x12,0x6,0x16,0x2b,0x33,0x31,0x32,0x36,0x37,0x36,0x37,0x36,
  0x37,0x36,0x37,0x36,0x37,0x36,0x35,0x11,0x31,0x34,0x26,0x27,0x26,0x27,0x26,0x27,
  0x26,0x27,0x26,0x27,0x26,0x26,0x23,0x23,0x11,0x13,0x33,0x31,0x32,0x17,0x16,0x17,
  0x16,0x17,0x16,0x17,0x16,0x17,0x16,0x15,0x11,0x31,0x14,0x7,0x6,0x7,0x6,0x7,
  0x6,0x7,0x6,0x7,0x6,0x23,0x23,0x5,0x35,0x21,0x35,0x33,0x35,0x23,0x35,0x21,
  0x35,0x21,0x11,0x21,0x35,0x23,0x11,0x23,0x11,0x1,0x21,0x11,0x21,0xd7,0x10,0x1e,
  0x10,0x1d,0x1d,0x1e,0x15,0x18,0xe,0xe,0x6,0x5,0x3,0x2,0x5,0xf,0xe,0x18,
  0x15,0x1e,0x1d,0x1d,0x10,0x1e,0x10,0x9c,0x6f,0x2d,0x12,0x10,0x12,0xe,0xe,0xc,
  0xb,0x7,0x7,0x3,0x3,0x3,0x3,0x7,0x7,0xb,0xc,0xe,0x10,0x10,0xf,0x13,
  0x2d,0x3,0x3,0xfe,0xf9,0xce,0xce,0x1,0x7,0xfe,0x8a,0x3,0x70,0xf7,0x70,0xfb,
  0xc0,0x5,0xdc,0xfa,0x24,0x3,0x2,0x4,0xe,0xe,0x15,0x16,0x1b,0x1d,0x1d,0x21,
  0x1c,0x1,0x1b,0x10,0x1e,0x10,0x1b,0x1f,0x19,0x18,0x14,0xe,0xe,0x4,0x2,0x3,
  0xfd,0x21,0x2,0x7f,0x3,0x5,0x7,0x7,0xd,0xe,0xe,0xf,0x12,0x10,0x12,0xfe,
  0xe5,0x11,0x11,0x13,0xd,0xf,0xd,0xd,0x8,0x8,0x3,0x4,0x60,0x60,0xee,0x60,
  0xd1,0x60,0xfd,0x21,0x60,0x2,0x7f,0xfd,0x21,0x3,0x20,0xfc,0x18,0x0,0x0,0x0,
  0x1,0x0,0x14,0xff,0x24,0x1,0xe0,0xff,0xb0,0x0,0x7,0x0,0x49,0x4b,0xb0,0x12,
  0x50,0x58,0x40,0x18,0x2,0x1,0x0,0x1,0x1,0x0,0x70,0x0,0x1,0x3,0x3,0x1,
  0x57,0x0,0x1,0x1,0x3,0x60,0x4,0x1,0x3,0x1,0x3,0x50,0x1b,0x40,0x17,0x2,
  0x1,0x0,0x1,0x0,0x85,0x0,0x1,0x3,0x3,0x1,0x57,0x0,0x1,0x1,0x3,0x60,
  0x4,0x1,0x3,0x1,0x3,0x50,0x59,0x40,0xc,0x0,0x0,0x0,0x7,0x0,0x7,0x11,
  0x11,0x11,0x5,0x6,0x19,0x2b,0x5,0x35,0x23,0x15,0x21,0x35,0x23,0x15,0x1,0xe0,
  0x4e,0xfe,0xd0,0x4e,0xdc,0x8c,0x48,0x48,0x8c,0x0,0x0,0x0,0x1,0x0,0xf,0x0,
  0xa1,0x1,0xf5,0x2,0x7,0x0,0x8,0x0,0x22,0x40,0x1f,0x2,0x1,0x2,0x0,0x4a,
  0x8,0x7,0x2,0x1,0x49,0x0,0x0,0x1,0x1,0x0,0x57,0x0,0x0,0x0,0x1,0x5f,
  0x0,0x1,0x0,0x1,0x4f,0x11,0x13,0x2,0x6,0x18,0x2b,0x1,0x27,0x7,0x17,0x21,
  0x15,0x21,0x7,0x17,0x1,0xf5,0xb3,0x2c,0x59,0xfe,0xa0,0x1,0x60,0x59,0x2c,0x1,
  0x54,0xb3,0x25,0x5e,0x60,0x5e,0x25,0x0,0x1,0xff,0xff,0xff,0xf3,0x2,0x1d,0x2,
  0xb5,0x0,0xa,0x0,0x2d,0x40,0x2a,0x8,0x7,0x2,0x2,0x1,0x9,0x1,0x0,0x2,
  0x2,0x4c,0xa,0x1,0x0,0x49,0x0,0x1,0x2,0x1,0x85,0x0,0x2,0x0,0x0,0x2,
  0x57,0x0,0x2,0x2,0x0,0x5f,0x0,0x0,0x2,0x0,0x4f,0x11,0x11,0x11,0x3,0x6,
  0x19,0x2b,0x37,0x27,0x21,0x11,0x23,0x11,0x21,0x37,0x27,0x7,0x17,0xde,0x59,0x1,
  0x98,0x6f,0xfe,0xd7,0x59,0x2c,0xb3,0xb3,0x18,0x5e,0x2,0x3f,0xfe,0x21,0x5e,0x26,
  0xb4,0xb3,0x0,0x0,0x1,0x0,0x47,0xff,0xe3,0x1,0xad,0x2,0xb5,0x0,0x8,0x0,
  0x14,0x40,0x11,0x8,0x7,0x6,0x5,0x2,0x1,0x6,0x0,0x49,0x0,0x0,0x0,0x76,
  0x13,0x1,0x6,0x17,0x2b,0x25,0x27,0x7,0x11,0x23,0x11,0x27,0x7,0x17,0x1,0xad,
  0x25,0x5e,0x60,0x5e,0x25,0xb3,0x96,0x2d,0x5a,0x2,0x4c,0xfd,0xb4,0x5a,0x2d,0xb3,
  0x0,0x0,0x0,0x0,0x8,0x0,0x0,0xff,0x38,0x7,0xd0,0x3,0x20,0x0,0x22,0x0,
  0x53,0x0,0x68,0x0,0x7d,0x1,0xa,0x1,0x29,0x1,0x4b,0x1,0x4f,0x0,0x0,0x13,
  0x31,0x34,0x34,0x35,0x26,0x26,0x27,0x26,0x26,0x27,0x26,0x26,0x27,0x13,0x33,0x11,
  0x23,0x11,0x31,0x14,0x14,0x17,0x14,0x17,0x16,0x16,0x17,0x16,0x16,0x17,0x3,0x23,
  0x11,0x33,0x21,0x31,0x32,0x37,0x36,0x37,0x36,0x37,0x36,0x37,0x36,0x37,0x36,0x35,
  0x31,0x34,0x27,0x26,0x27,0x26,0x27,0x26,0x26,0x27,0x31,0x36,0x37,0x36,0x37,0x36,
  0x36,0x37,0x36,0x35,0x31,0x34,0x27,0x26,0x27,0x26,0x27,0x26,0x27,0x26,0x27,0x26,
  0x23,0x23,0x11,0x13,0x33,0x31,0x32,0x17,0x16,0x17,0x16,0x17,0x16,0x15,0x31,0x14,
  0x7,0x6,0x7,0x6,0x7,0x6,0x23,0x23,0x15,0x33,0x31,0x32,0x17,0x16,0x17,0x16,
  0x17,0x16,0x15,0x31,0x14,0x7,0x6,0x7,0x6,0x7,0x6,0x23,0x23,0x5,0x32,0x37,
  0x36,0x37,0x36,0x37,0x36,0x37,0x36,0x37,0x36,0x35,0x31,0x34,0x27,0x26,0x27,0x26,
  0x27,0x26,0x27,0x26,0x27,0x26,0x26,0x27,0x26,0x26,0x27,0x26,0x27,0x26,0x27,0x26,
  0x35,0x31,0x34,0x37,0x36,0x37,0x36,0x37,0x36,0x33,0x31,0x32,0x17,0x16,0x17,0x16,
  0x17,0x16,0x15,0x15,0x33,0x35,0x31,0x34,0x27,0x26,0x27,0x26,0x27,0x26,0x26,0x27,
  0x26,0x27,0x26,0x23,0x31,0x22,0x7,0x6,0x7,0x6,0x7,0x6,0x7,0x6,0x7,0x6,
  0x15,0x31,0x14,0x17,0x16,0x16,0x17,0x16,0x16,0x17,0x16,0x17,0x16,0x17,0x16,0x17,
  0x16,0x17,0x16,0x17,0x16,0x17,0x16,0x15,0x31,0x14,0x7,0x6,0x7,0x6,0x7,0x6,
  0x23,0x31,0x22,0x27,0x26,0x27,0x26,0x27,0x26,0x35,0x35,0x23,0x15,0x31,0x14,0x17,
  0x16,0x17,0x16,0x17,0x16,0x17,0x16,0x17,0x16,0x33,0x25,0x11,0x33,0x31,0x32,0x37,
  0x36,0x37,0x36,0x37,0x36,0x37,0x36,0x37,0x36,0x35,0x31,0x34,0x27,0x26,0x27,0x26,
  0x27,0x26,0x27,0x26,0x27,0x26,0x23,0x23,0x11,0x13,0x33,0x31,0x32,0x17,0x16,0x17,
  0x16,0x17,0x16,0x17,0x16,0x16,0x17,0x14,0x16,0x15,0x31,0x14,0x14,0x7,0x6,0x6,
  0x7,0x6,0x6,0x7,0x6,0x7,0x6,0x7,0x6,0x23,0x23,0x1,0x21,0x11,0x21,0xaa,
  0x1,0x1,0x2,0x2,0x4,0x2,0x2,0x5,0x2,0xb9,0x6b,0x6f,0x1,0x4,0x2,0x4,
  0x2,0x2,0x4,0x2,0xb9,0x6b,0x6f,0x2,0x35,0x1a,0x20,0x21,0x16,0x18,0x18,0x16,
  0xe,0xe,0x6,0x5,0x5,0x7,0xc,0xe,0x15,0xa,0x17,0xd,0x12,0x12,0xe,0xb,
  0x5,0x7,0x2,0x3,0x4,0x4,0xc,0xd,0x11,0x12,0x18,0x19,0x19,0x1e,0x17,0xb0,
  0x6f,0x41,0x12,0x13,0x12,0xa,0xb,0x4,0x4,0x4,0x5,0x9,0xa,0x13,0x12,0x13,
  0x41,0x41,0x19,0x15,0x15,0x10,0xe,0x8,0x6,0x6,0x8,0xe,0x11,0x15,0x18,0x15,
  0x41,0x2,0x43,0x18,0x1c,0x19,0x18,0x17,0x14,0x11,0xf,0xc,0x6,0x6,0x5,0x5,
  0xc,0xa,0x10,0xf,0x12,0x10,0x16,0xa,0x15,0xb,0xa,0x15,0xb,0x16,0x10,0x10,
  0xb,0xb,0x5,0x5,0xa,0xa,0x12,0xf,0x12,0x11,0x10,0x12,0x9,0xc,0x4,0x5,
  0x6f,0x6,0x5,0xc,0xb,0x13,0xa,0x14,0xb,0x16,0x1a,0x17,0x1b,0x1b,0x17,0x16,
  0x1a,0x18,0x11,0x13,0xb,0xd,0x4,0x6,0x6,0x2,0x9,0x5,0x5,0xe,0x7,0xf,
  0x12,0x15,0x11,0x15,0x14,0x13,0x18,0x16,0x10,0x12,0xa,0xa,0x5,0x6,0xc,0xe,
  0x10,0x11,0x13,0x12,0x11,0x11,0xc,0xd,0x6,0x6,0x6f,0x7,0x6,0xd,0xc,0x14,
  0x14,0x17,0x17,0x19,0x17,0x1c,0x1,0xb4,0x46,0x1d,0x1c,0x1c,0x19,0x15,0x16,0x12,
  0xc,0xa,0x5,0x4,0x4,0x4,0xb,0xd,0x11,0x13,0x18,0x1c,0x19,0x1e,0x1b,0xb5,
  0x6f,0x46,0x11,0xc,0xf,0xa,0xc,0x6,0x8,0x4,0x2,0x3,0x1,0x1,0x1,0x1,
  0x3,0x2,0x3,0x5,0x4,0x6,0xc,0x8,0x11,0xf,0xe,0x46,0xf9,0x6b,0x7,0xd0,
  0xf8,0x30,0x1,0x26,0x10,0x20,0x10,0x10,0x20,0x10,0x10,0x1f,0x10,0x10,0x1f,0x10,
  0xfd,0xdc,0x2,0xdf,0xfe,0xda,0x10,0x20,0x10,0x23,0x1c,0x10,0x20,0x10,0x10,0x1f,
  0x10,0x2,0x24,0xfd,0x21,0x5,0x5,0xc,0xb,0x15,0x13,0x1b,0x1b,0x1b,0x20,0x1a,
  0x18,0x1e,0x1d,0x14,0x18,0x10,0x8,0xf,0x5,0xb,0x12,0xf,0x15,0xa,0x16,0xb,
  0x17,0x16,0x1d,0x18,0x17,0x1b,0x19,0x12,0x12,0xd,0xd,0x4,0x5,0xfd,0x21,0x2,
  0x7f,0x8,0xa,0xe,0x11,0x12,0x11,0x15,0x15,0x11,0x14,0xf,0x10,0x8,0x9,0x60,
  0x7,0x8,0x11,0x11,0x17,0x16,0x18,0x17,0x17,0x19,0xf,0x11,0x7,0x8,0x68,0x5,
  0x4,0xb,0xb,0x12,0xf,0x1a,0x17,0x19,0x1a,0x19,0x16,0x1b,0x15,0x19,0x15,0x15,
  0x14,0x10,0xf,0xf,0x7,0xd,0x7,0x6,0xc,0x7,0xd,0x11,0x10,0x18,0x18,0x17,
  0x11,0x12,0x12,0xd,0xd,0x8,0x7,0x6,0x8,0xc,0x10,0xd,0x12,0x10,0x2,0x4,
  0x19,0x19,0x15,0x19,0x15,0x13,0x8,0xf,0x5,0xb,0x4,0x4,0x4,0x4,0xc,0xd,
  0x11,0x15,0x14,0x18,0x18,0x19,0x19,0x19,0x18,0xc,0x17,0xb,0xb,0x14,0xa,0x13,
  0x11,0x13,0xc,0xf,0xb,0xc,0xd,0xe,0x10,0x14,0x15,0x15,0x1a,0x10,0x14,0x11,
  0xe,0xe,0x6,0x7,0x6,0x5,0xd,0xb,0x13,0x11,0x11,0x2,0x3,0x1b,0x18,0x19,
  0x16,0x16,0x11,0x11,0xa,0xa,0x5,0x4,0x8,0x1,0x1f,0x6,0x6,0xf,0xc,0x19,
  0x17,0x19,0x19,0x1e,0x19,0x20,0x21,0x19,0x1d,0x19,0x1c,0x15,0x16,0xf,0xf,0x5,
  0x6,0xfd,0x21,0x2,0x7f,0x4,0x5,0xa,0xc,0xb,0xd,0xe,0x7,0xf,0x7,0x7,
  0xf,0x8,0x7,0xf,0x7,0x7,0xf,0x7,0x7,0xe,0x7,0xb,0xc,0x8,0x6,0x5,
  0x1,0xa1,0xfc,0x18,0x0,0x0,0x0,0x0,0x7,0x0,0x0,0xff,0x38,0x7,0xd0,0x3,
  0x20,0x0,0xb,0x0,0x2c,0x0,0x4a,0x0,0xd7,0x0,0xf6,0x1,0x18,0x1,0x1c,0x0,
  0x0,0x21,0x35,0x23,0x11,0x33,0x35,0x21,0x15,0x33,0x11,0x23,0x15,0x21,0x31,0x32,
  0x36,0x37,0x36,0x37,0x36,0x37,0x36,0x37,0x36,0x37,0x36,0x35,0x11,0x31,0x34,0x26,
  0x27,0x26,0x27,0x26,0x27,0x26,0x27,0x26,0x27,0x26,0x26,0x23,0x23,0x11,0x13,0x33,
  0x31,0x32,0x17,0x16,0x17,0x16,0x17,0x16,0x17,0x16,0x17,0x16,0x15,0x11,0x31,0x14,
  0x7,0x6,0x7,0x6,0x7,0x6,0x7,0x6,0x7,0x6,0x23,0x23,0x5,0x32,0x37,0x36,
  0x37,0x36,0x37,0x36,0x37,0x36,0x37,0x36,0x35,0x31,0x34,0x27,0x26,0x27,0x26,0x27,
  0x26,0x27,0x26,0x27,0x26,0x26,0x27,0x26,0x26,0x27,0x26,0x27,0x26,0x27,0x26,0x35,
  0x31,0x34,0x37,0x36,0x37,0x36,0x37,0x36,0x33,0x31,0x32,0x17,0x16,0x17,0x16,0x17,
  0x16,0x15,0x15,0x33,0x35,0x31,0x34,0x27,0x26,0x27,0x26,0x27,0x26,0x26,0x27,0x26,
  0x27,0x26,0x23,0x31,0x22,0x7,0x6,0x7,0x6,0x7,0x6,0x7,0x6,0x7,0x6,0x15,
  0x31,0x14,0x17,0x16,0x16,0x17,0x16,0x16,0x17,0x16,0x17,0x16,0x17,0x16,0x17,0x16,
  0x17,0x16,0x17,0x16,0x17,0x16,0x15,0x31,0x14,0x7,0x6,0x7,0x6,0x7,0x6,0x23,
  0x31,0x22,0x27,0x26,0x27,0x26,0x27,0x26,0x35,0x35,0x23,0x15,0x31,0x14,0x17,0x16,
  0x17,0x16,0x17,0x16,0x17,0x16,0x17,0x16,0x33,0x25,0x11,0x33,0x31,0x32,0x37,0x36,
  0x37,0x36,0x37,0x36,0x37,0x36,0x37,0x36,0x35,0x31,0x34,0x27,0x26,0x27,0x26,0x27,
  0x26,0x27,0x26,0x27,0x26,0x23,0x23,0x11,0x13,0x33,0x31,0x32,0x17,0x16,0x17,0x16,
  0x17,0x16,0x17,0x16,0x16,0x17,0x14,0x16,0x15,0x31,0x14,0x14,0x7,0x6,0x6,0x7,
  0x6,0x6,0x7,0x6,0x7,0x6,0x7,0x6,0x23,0x23,0x1,0x21,0x11,0x21,0x1,0xa9,
  0x77,0x77,0xfe,0xa2,0x77,0x77,0x2,0x80,0x10,0x1e,0x10,0x1d,0x1d,0x1e,0x15,0x18,
  0xe,0xe,0x6,0x5,0x3,0x2,0x5,0xf,0xe,0x18,0x15,0x1e,0x1d,0x1d,0x10,0x1e,
  0x10,0x9c,0x6f,0x2d,0x12,0x10,0x12,0xe,0xe,0xc,0xb,0x7,0x7,0x3,0x3,0x3,
  0x3,0x7,0x7,0xb,0xc,0xe,0x10,0x10,0xf,0x13,0x2d,0x2,0x43,0x18,0x1c,0x19,
  0x18,0x17,0x14,0x11,0xf,0xc,0x6,0x6,0x5,0x5,0xc,0xa,0x10,0xf,0x12,0x10,
  0x16,0xa,0x15,0xb,0xa,0x15,0xb,0x16,0x10,0x10,0xb,0xb,0x5,0x5,0xa,0xa,
  0x12,0xf,0x12,0x11,0x10,0x12,0x9,0xc,0x4,0x5,0x6f,0x6,0x5,0xc,0xb,0x13,
  0xa,0x14,0xb,0x16,0x1a,0x17,0x1b,0x1b,0x17,0x16,0x1a,0x18,0x11,0x13,0xb,0xd,
  0x4,0x6,0x6,0x2,0x9,0x5,0x5,0xe,0x7,0xf,0x12,0x15,0x11,0x15,0x14,0x13,
  0x18,0x16,0x10,0x12,0xa,0xa,0x5,0x6,0xc,0xe,0x10,0x11,0x13,0x12,0x11,0x11,
  0xc,0xd,0x6,0x6,0x6f,0x7,0x6,0xd,0xc,0x14,0x14,0x17,0x17,0x19,0x17,0x1c,
  0x1,0xb4,0x46,0x1d,0x1c,0x1c,0x19,0x15,0x16,0x12,0xc,0xa,0x5,0x4,0x4,0x4,
  0xb,0xd,0x11,0x13,0x18,0x1c,0x19,0x1e,0x1b,0xb5,0x6f,0x46,0x11,0xc,0xf,0xa,
  0xc,0x6,0x8,0x4,0x2,0x3,0x1,0x1,0x1,0x1,0x3,0x2,0x3,0x5,0x4,0x6,
  0xc,0x8,0x11,0xf,0xe,0x46,0xf9,0x6b,0x7,0xd0,0xf8,0x30,0x60,0x2,0x1f,0x60,
  0x60,0xfd,0xe1,0x60,0x3,0x2,0x4,0xe,0xe,0x15,0x16,0x1b,0x1d,0x1d,0x21,0x1c,
  0x1,0x1b,0x10,0x1e,0x10,0x1b,0x1f,0x19,0x18,0x14,0xe,0xe,0x4,0x2,0x3,0xfd,
  0x21,0x2,0x7f,0x3,0x5,0x7,0x7,0xd,0xe,0xe,0xf,0x12,0x10,0x12,0xfe,0xe5,
  0x11,0x11,0x13,0xd,0xf,0xd,0xd,0x8,0x8,0x3,0x4,0x68,0x5,0x4,0xb,0xb,
  0x12,0xf,0x1a,0x17,0x19,0x1a,0x19,0x16,0x1b,0x15,0x19,0x15,0x15,0x14,0x10,0xf,
  0xf,0x7,0xd,0x7,0x6,0xc,0x7,0xd,0x11,0x10,0x18,0x18,0x17,0x11,0x12,0x12,
  0xd,0xd,0x8,0x7,0x6,0x8,0xc,0x10,0xd,0x12,0x10,0x2,0x4,0x19,0x19,0x15,
  0x19,0x15,0x13,0x8,0xf,0x5,0xb,0x4,0x4,0x4,0x4,0xc,0xd,0x11,0x15,0x14,
  0x18,0x18,0x19,0x19,0x19,0x18,0xc,0x17,0xb,0xb,0x14,0xa,0x13,0x11,0x13,0xc,
  0xf,0xb,0xc,0xd,0xe,0x10,0x14,0x15,0x15,0x1a,0x10,0x14,0x11,0xe,0xe,0x6,
  0x7,0x6,0x5,0xd,0xb,0x13,0x11,0x11,0x2,0x3,0x1b,0x18,0x19,0x16,0x16,0x11,
  0x11,0xa,0xa,0x5,0x4,0x8,0x1,0x1f,0x6,0x6,0xf,0xc,0x19,0x17,0x19,0x19,
  0x1e,0x19,0x20,0x21,0x19,0x1d,0x19,0x1c,0x15,0x16,0xf,0xf,0x5,0x6,0xfd,0x21,
  0x2,0x7f,0x4,0x5,0xa,0xc,0xb,0xd,0xe,0x7,0xf,0x7,0x7,0xf,0x8,0x7,
  0xf,0x7,0x7,0xf,0x7,0x7,0xe,0x7,0xb,0xc,0x8,0x6,0x5,0x1,0xa1,0xfc,
  0x18,0x0,0x0,0x0,0x1,0x0,0x0,0x0,0x1,0x0,0x0,0x3b,0x8,0xbf,0x87,0x5f,
  0xf,0x3c,0xf5,0x0,0x7,0x3,0xe8,0x0,0x0,0x0,0x0,0xe2,0x42,0xd1,0x38,0x0,
  0x0,0x0,0x0,0xe2,0x42,0xd1,0x5a,0xff,0xff,0xff,0x24,0x7,0xd0,0x3,0x20,0x0,
  0x0,0x0,0x3,0x0,0x2,0x0,0x0,0x0,0x0,0x0,0x0,0x0,0x1,0x0,0x0,0x3,
  0x20,0xff,0x38,0x0,0x0,0x7,0xd0,0xff,0xff,0xff,0xd7,0x7,0xd0,0x0,0x1,0x0,
  0x0,0x0,0x0,0x0,0x0,0x0,0x0,0x0,0x0,0x0,0x0,0x0,0x0,0x0,0x26,0x5,
  0xdc,0x0,0x0,0x5,0xdc,0x0,0x0,0x5,0xdc,0x0,0x0,0x5,0xdc,0x0,0x0,0x5,
  0xdc,0x0,0x0,0x5,0xdc,0x0,0x0,0x5,0xdc,0x0,0x0,0x5,0xdc,0x0,0x0,0x3,
  0xe8,0x0,0x0,0x3,0xe8,0x0,0x0,0x3,0xe8,0x0,0x0,0x3,0xe8,0x0,0x0,0x3,
  0xe8,0x0,0x0,0x3,0xe8,0x0,0x0,0x3,0xe8,0x0,0x0,0x3,0xe8,0x0,0x0,0x5,
  0xdc,0x0,0x0,0x5,0xdc,0x0,0x0,0x5,0xdc,0x0,0x0,0x5,0xdc,0x0,0x0,0x5,
  0xdc,0x0,0x0,0x5,0xdc,0x0,0x0,0x5,0xdc,0x0,0x0,0x5,0xdc,0x0,0x0,0x5,
  0xdc,0x0,0x0,0x3,0xe8,0x0,0x0,0x5,0xdc,0x0,0x0,0x5,0xdc,0x0,0x0,0x3,
  0xe8,0x0,0x0,0x3,0xe8,0x0,0x0,0x3,0xe8,0x0,0x0,0x3,0xe8,0x0,0x0,0x5,
  0xdc,0x0,0x0,0x1,0xf4,0x0,0x14,0x1,0xf4,0x0,0xf,0x1,0xf4,0xff,0xff,0x1,
  0xf4,0x0,0x47,0x7,0xd0,0x0,0x0,0x0,0x0,0x0,0x0,0x0,0x0,0x0,0xd0,0x2,
  0x4c,0x3,0x7e,0x3,0xf6,0x5,0x0,0x6,0x5a,0x7,0x7a,0x8,0x54,0x9,0xde,0xa,
  0x34,0xa,0x84,0xa,0xde,0xb,0x30,0xc,0x70,0xd,0xda,0xe,0xf6,0xf,0xa8,0x10,
  0xf0,0x12,0x7a,0x15,0xc,0x16,0x6a,0x17,0x16,0x18,0x64,0x19,0x40,0x1a,0x7c,0x1b,
  0x2,0x1c,0xa0,0x1e,0xc,0x1f,0x22,0x20,0xec,0x22,0x5c,0x23,0xb4,0x24,0x66,0x24,
  0x9c,0x24,0xc2,0x24,0xf0,0x25,0x10,0x26,0xe2,0x28,0x6f,0x0,0x1,0x0,0x0,0x0,
  0x27,0x1,0x50,0x0,0x8,0x0,0x0,0x0,0x0,0x0,0x2,0x0,0x36,0x0,0x69,0x0,
  0x8d,0x0,0x0,0x0,0xca,0xe,0xc,0x0,0x0,0x0,0x0,0x0,0x0,0x0,0x22,0x1,
  0x9e,0x0,0x1,0x0,0x0,0x0,0x0,0x0,0x0,0x0,0x48,0x0,0x0,0x0,0x1,0x0,
  0x0,0x0,0x0,0x0,0x1,0x0,0x11,0x0,0x48,0x0,0x1,0x0,0x0,0x0,0x0,0x0,
  0x2,0x0,0x7,0x0,0x59,0x0,0x1,0x0,0x0,0x0,0x0,0x0,0x3,0x0,0x3a,0x0,
  0x60,0x0,0x1,0x0,0x0,0x0,0x0,0x0,0x4,0x0,0x19,0x0,0x9a,0x0,0x1,0x0,
  0x0,0x0,0x0,0x0,0x5,0x0,0x21,0x0,0xb3,0x0,0x1,0x0,0x0,0x0,0x0,0x0,
  0x6,0x0,0x17,0x0,0xd4,0x0,0x1,0x0,0x0,0x0,0x0,0x0,0x7,0x0,0x1,0x0,
  0xeb,0x0,0x1,0x0,0x0,0x0,0x0,0x0,0x8,0x0,0x20,0x0,0xec,0x0,0x1,0x0,
  0x0,0x0,0x0,0x0,0x9,0x0,0x1,0x1,0xc,0x0,0x1,0x0,0x0,0x0,0x0,0x0,
  0xa,0x0,0x1,0x1,0xd,0x0,0x1,0x0,0x0,0x0,0x0,0x0,0xb,0x0,0x2c,0x1,
  0xe,0x0,0x1,0x0,0x0,0x0,0x0,0x0,0xc,0x0,0x1,0x1,0x3a,0x0,0x1,0x0,
  0x0,0x0,0x0,0x0,0xd,0x1,0x90,0x1,0x3b,0x0,0x1,0x0,0x0,0x0,0x0,0x0,
  0xe,0x0,0x1c,0x2,0xcb,0x0,0x1,0x0,0x0,0x0,0x0,0x0,0x10,0x0,0x11,0x2,
  0xe7,0x0,0x1,0x0,0x0,0x0,0x0,0x0,0x11,0x0,0x7,0x2,0xf8,0x0,0x3,0x0,
  0x1,0x4,0x9,0x0,0x0,0x0,0x90,0x2,0xff,0x0,0x3,0x0,0x1,0x4,0x9,0x0,
  0x1,0x0,0x22,0x3,0x8f,0x0,0x3,0x0,0x1,0x4,0x9,0x0,0x2,0x0,0xe,0x3,
  0xb1,0x0,0x3,0x0,0x1,0x4,0x9,0x0,0x3,0x0,0x74,0x3,0xbf,0x0,0x3,0x0,
  0x1,0x4,0x9,0x0,0x4,0x0,0x32,0x4,0x33,0x0,0x3,0x0,0x1,0x4,0x9,0x0,
  0x5,0x0,0x42,0x4,0x65,0x0,0x3,0x0,0x1,0x4,0x9,0x0,0x6,0x0,0x2e,0x4,
  0xa7,0x0,0x3,0x0,0x1,0x4,0x9,0x0,0x7,0x0,0x2,0x4,0xd5,0x0,0x3,0x0,
  0x1,0x4,0x9,0x0,0x8,0x0,0x40,0x4,0xd7,0x0,0x3,0x0,0x1,0x4,0x9,0x0,
  0x9,0x0,0x2,0x5,0x17,0x0,0x3,0x0,0x1,0x4,0x9,0x0,0xa,0x0,0x2,0x5,
  0x19,0x0,0x3,0x0,0x1,0x4,0x9,0x0,0xb,0x0,0x58,0x5,0x1b,0x0,0x3,0x0,
  0x1,0x4,0x9,0x0,0xc,0x0,0x2,0x5,0x73,0x0,0x3,0x0,0x1,0x4,0x9,0x0,
  0xd,0x3,0x20,0x5,0x75,0x0,0x3,0x0,0x1,0x4,0x9,0x0,0xe,0x0,0x38,0x8,
  0x95,0x0,0x3,0x0,0x1,0x4,0x9,0x0,0x10,0x0,0x22,0x8,0xcd,0x0,0x3,0x0,
  0x1,0x4,0x9,0x0,0x11,0x0,0xe,0x8,0xef,0x43,0x6f,0x70,0x79,0x72,0x69,0x67,
  0x68,0x74,0x20,0x32,0x30,0x31,0x35,0x2d,0x32,0x30,0x32,0x34,0x2c,0x20,0x52,0x65,
  0x6e,0x7a,0x68,0x69,0x20,0x4c,0x69,0x20,0x28,0x61,0x6b,0x61,0x2e,0x20,0x42,0x65,
  0x6c,0x6c,0x65,0x76,0x65,0x20,0x49,0x6e,0x76,0x69,0x73,0x2c,0x20,0x62,0x65,0x6c,
  0x6c,0x65,0x76,0x65,0x40,0x74,0x79,0x70,0x65,0x6f,0x66,0x2e,0x6e,0x65,0x74,0x29,
  0x2e,0x52,0x65,0x64,0x20,0x50,0x61,0x6e,0x64,0x61,0x20,0x43,0x6f,0x6e,0x74,0x72,
  0x6f,0x6c,0x52,0x65,0x67,0x75,0x6c,0x61,0x72,0x52,0x65,0x64,0x20,0x50,0x61,0x6e,
  0x64,0x61,0x20,0x43,0x6f,0x6e,0x74,0x72,0x6f,0x6c,0x20,0x46,0x6f,0x6e,0x74,0x20,
  0x47,0x65,0x6e,0x65,0x72,0x61,0x74,0x6f,0x72,0x3a,0x52,0x65,0x64,0x20,0x50,0x61,
  0x6e,0x64,0x61,0x20,0x43,0x6f,0x6e,0x74,0x72,0x6f,0x6c,0x20,0x52,0x65,0x67,0x75,
  0x6c,0x61,0x72,0x52,0x65,0x64,0x20,0x50,0x61,0x6e,0x64,0x61,0x20,0x43,0x6f,0x6e,
  0x74,0x72,0x6f,0x6c,0x20,0x52,0x65,0x67,0x75,0x6c,0x61,0x72,0x56,0x65,0x72,0x73,
  0x69,0x6f,0x6e,0x20,0x30,0x2e,0x31,0x3b,0x20,0x74,0x74,0x66,0x61,0x75,0x74,0x6f,
  0x68,0x69,0x6e,0x74,0x20,0x28,0x76,0x31,0x2e,0x38,0x2e,0x34,0x29,0x52,0x65,0x64,
  0x50,0x61,0x6e,0x64,0x61,0x43,0x6f,0x6e,0x74,0x72,0x6f,0x6c,0x2d,0x52,0x65,0x67,
  0x75,0x6c,0x61,0x72,0x20,0x52,0x65,0x64,0x20,0x50,0x61,0x6e,0x64,0x61,0x20,0x43,
  0x6f,0x6e,0x74,0x72,0x6f,0x6c,0x20,0x46,0x6f,0x6e,0x74,0x20,0x47,0x65,0x6e,0x65,
  0x72,0x61,0x74,0x6f,0x72,0x20,0x20,0x68,0x74,0x74,0x70,0x73,0x3a,0x2f,0x2f,0x67,
  0x69,0x74,0x68,0x75,0x62,0x2e,0x63,0x6f,0x6d,0x2f,0x72,0x65,0x64,0x70,0x61,0x6e,
  0x64,0x61,0x2d,0x63,0x70,0x70,0x2f,0x63,0x6f,0x6e,0x74,0x72,0x6f,0x6c,0x2d,0x66,
  0x6f,0x6e,0x74,0x20,0x54,0x68,0x69,0x73,0x20,0x66,0x6f,0x6e,0x74,0x20,0x73,0x6f,
  0x66,0x74,0x77,0x61,0x72,0x65,0x20,0x69,0x73,0x20,0x6c,0x69,0x63,0x65,0x6e,0x63,
  0x65,0x64,0x20,0x75,0x6e,0x64,0x65,0x72,0x20,0x74,0x68,0x65,0x20,0x53,0x49,0x4c,
  0x20,0x4f,0x70,0x65,0x6e,0x20,0x46,0x6f,0x6e,0x74,0x20,0x4c,0x69,0x63,0x65,0x6e,
  0x63,0x65,0x2c,0x20,0x56,0x65,0x72,0x73,0x69,0x6f,0x6e,0x20,0x31,0x2e,0x31,0x2e,
  0x20,0x54,0x68,0x69,0x73,0x20,0x6c,0x69,0x63,0x65,0x6e,0x63,0x65,0x20,0x69,0x73,
  0x20,0x61,0x76,0x61,0x69,0x6c,0x61,0x62,0x6c,0x65,0x20,0x77,0x69,0x74,0x68,0x20,
  0x61,0x20,0x46,0x41,0x51,0x20,0x61,0x74,0x3a,0x20,0x68,0x74,0x74,0x70,0x3a,0x2f,
  0x2f,0x73,0x63,0x72,0x69,0x70,0x74,0x73,0x2e,0x73,0x69,0x6c,0x2e,0x6f,0x72,0x67,
  0x2f,0x4f,0x46,0x4c,0x2e,0x20,0x54,0x68,0x69,0x73,0x20,0x66,0x6f,0x6e,0x74,0x20,
  0x73,0x6f,0x66,0x74,0x77,0x61,0x72,0x65,0x20,0x69,0x73,0x20,0x64,0x69,0x73,0x74,
  0x72,0x69,0x62,0x75,0x74,0x65,0x64,0x20,0x6f,0x6e,0x20,0x61,0x6e,0x20,0x27,0x41,
  0x53,0x20,0x49,0x53,0x27,0x20,0x62,0x61,0x73,0x69,0x73,0x2c,0x20,0x77,0x69,0x74,
  0x68,0x6f,0x75,0x74,0x20,0x77,0x61,0x72,0x72,0x61,0x6e,0x74,0x69,0x65,0x73,0x20,
  0x6f,0x72,0x20,0x63,0x6f,0x6e,0x64,0x69,0x74,0x69,0x6f,0x6e,0x73,0x20,0x6f,0x66,
  0x20,0x61,0x6e,0x79,0x20,0x6b,0x69,0x6e,0x64,0x2c,0x20,0x65,0x69,0x74,0x68,0x65,
  0x72,0x20,0x65,0x78,0x70,0x72,0x65,0x73,0x73,0x20,0x6f,0x72,0x20,0x69,0x6d,0x70,
  0x6c,0x69,0x65,0x64,0x2e,0x20,0x53,0x65,0x65,0x20,0x74,0x68,0x65,0x20,0x53,0x49,
  0x4c,0x20,0x4f,0x70,0x65,0x6e,0x20,0x46,0x6f,0x6e,0x74,0x20,0x6c,0x69,0x63,0x65,
  0x6e,0x63,0x65,0x20,0x66,0x6f,0x72,0x20,0x74,0x68,0x65,0x20,0x73,0x70,0x65,0x63,
  0x69,0x66,0x69,0x63,0x20,0x6c,0x61,0x6e,0x67,0x75,0x61,0x67,0x65,0x2c,0x20,0x70,
  0x65,0x72,0x6d,0x69,0x73,0x73,0x69,0x6f,0x6e,0x73,0x20,0x61,0x6e,0x64,0x20,0x6c,
  0x69,0x6d,0x69,0x74,0x61,0x74,0x69,0x6f,0x6e,0x73,0x20,0x67,0x6f,0x76,0x65,0x72,
  0x6e,0x69,0x6e,0x67,0x20,0x79,0x6f,0x75,0x72,0x20,0x75,0x73,0x65,0x20,0x6f,0x66,
  0x20,0x74,0x68,0x69,0x73,0x20,0x66,0x6f,0x6e,0x74,0x20,0x73,0x6f,0x66,0x74,0x77,
  0x61,0x72,0x65,0x2e,0x68,0x74,0x74,0x70,0x73,0x3a,0x2f,0x2f,0x6f,0x70,0x65,0x6e,
  0x66,0x6f,0x6e,0x74,0x6c,0x69,0x63,0x65,0x6e,0x73,0x65,0x2e,0x6f,0x72,0x67,0x2f,
  0x52,0x65,0x64,0x20,0x50,0x61,0x6e,0x64,0x61,0x20,0x43,0x6f,0x6e,0x74,0x72,0x6f,
  0x6c,0x52,0x65,0x67,0x75,0x6c,0x61,0x72,0x0,0x43,0x0,0x6f,0x0,0x70,0x0,0x79,
  0x0,0x72,0x0,0x69,0x0,0x67,0x0,0x68,0x0,0x74,0x0,0x20,0x0,0x32,0x0,0x30,
  0x0,0x31,0x0,0x35,0x0,0x2d,0x0,0x32,0x0,0x30,0x0,0x32,0x0,0x34,0x0,0x2c,
  0x0,0x20,0x0,0x52,0x0,0x65,0x0,0x6e,0x0,0x7a,0x0,0x68,0x0,0x69,0x0,0x20,
  0x0,0x4c,0x0,0x69,0x0,0x20,0x0,0x28,0x0,0x61,0x0,0x6b,0x0,0x61,0x0,0x2e,
  0x0,0x20,0x0,0x42,0x0,0x65,0x0,0x6c,0x0,0x6c,0x0,0x65,0x0,0x76,0x0,0x65,
  0x0,0x20,0x0,0x49,0x0,0x6e,0x0,0x76,0x0,0x69,0x0,0x73,0x0,0x2c,0x0,0x20,
  0x0,0x62,0x0,0x65,0x0,0x6c,0x0,0x6c,0x0,0x65,0x0,0x76,0x0,0x65,0x0,0x40,
  0x0,0x74,0x0,0x79,0x0,0x70,0x0,0x65,0x0,0x6f,0x0,0x66,0x0,0x2e,0x0,0x6e,
  0x0,0x65,0x0,0x74,0x0,0x29,0x0,0x2e,0x0,0x52,0x0,0x65,0x0,0x64,0x0,0x20,
  0x0,0x50,0x0,0x61,0x0,0x6e,0x0,0x64,0x0,0x61,0x0,0x20,0x0,0x43,0x0,0x6f,
  0x0,0x6e,0x0,0x74,0x0,0x72,0x0,0x6f,0x0,0x6c,0x0,0x52,0x0,0x65,0x0,0x67,
  0x0,0x75,0x0,0x6c,0x0,0x61,0x0,0x72,0x0,0x52,0x0,0x65,0x0,0x64,0x0,0x20,
  0x0,0x50,0x0,0x61,0x0,0x6e,0x0,0x64,0x0,0x61,0x0,0x20,0x0,0x43,0x0,0x6f,
  0x0,0x6e,0x0,0x74,0x0,0x72,0x0,0x6f,0x0,0x6c,0x0,0x20,0x0,0x46,0x0,0x6f,
  0x0,0x6e,0x0,0x74,0x0,0x20,0x0,0x47,0x0,0x65,0x0,0x6e,0x0,0x65,0x0,0x72,
  0x0,0x61,0x0,0x74,0x0,0x6f,0x0,0x72,0x0,0x3a,0x0,0x52,0x0,0x65,0x0,0x64,
  0x0,0x20,0x0,0x50,0x0,0x61,0x0,0x6e,0x0,0x64,0x0,0x61,0x0,0x20,0x0,0x43,
  0x0,0x6f,0x0,0x6e,0x0,0x74,0x0,0x72,0x0,0x6f,0x0,0x6c,0x0,0x20,0x0,0x52,
  0x0,0x65,0x0,0x67,0x0,0x75,0x0,0x6c,0x0,0x61,0x0,0x72,0x0,0x52,0x0,0x65,
  0x0,0x64,0x0,0x20,0x0,0x50,0x0,0x61,0x0,0x6e,0x0,0x64,0x0,0x61,0x0,0x20,
  0x0,0x43,0x0,0x6f,0x0,0x6e,0x0,0x74,0x0,0x72,0x0,0x6f,0x0,0x6c,0x0,0x20,
  0x0,0x52,0x0,0x65,0x0,0x67,0x0,0x75,0x0,0x6c,0x0,0x61,0x0,0x72,0x0,0x56,
  0x0,0x65,0x0,0x72,0x0,0x73,0x0,0x69,0x0,0x6f,0x0,0x6e,0x0,0x20,0x0,0x30,
  0x0,0x2e,0x0,0x31,0x0,0x3b,0x0,0x20,0x0,0x74,0x0,0x74,0x0,0x66,0x0,0x61,
  0x0,0x75,0x0,0x74,0x0,0x6f,0x0,0x68,0x0,0x69,0x0,0x6e,0x0,0x74,0x0,0x20,
  0x0,0x28,0x0,0x76,0x0,0x31,0x0,0x2e,0x0,0x38,0x0,0x2e,0x0,0x34,0x0,0x29,
  0x0,0x52,0x0,0x65,0x0,0x64,0x0,0x50,0x0,0x61,0x0,0x6e,0x0,0x64,0x0,0x61,
  0x0,0x43,0x0,0x6f,0x0,0x6e,0x0,0x74,0x0,0x72,0x0,0x6f,0x0,0x6c,0x0,0x2d,
  0x0,0x52,0x0,0x65,0x0,0x67,0x0,0x75,0x0,0x6c,0x0,0x61,0x0,0x72,0x0,0x20,
  0x0,0x52,0x0,0x65,0x0,0x64,0x0,0x20,0x0,0x50,0x0,0x61,0x0,0x6e,0x0,0x64,
  0x0,0x61,0x0,0x20,0x0,0x43,0x0,0x6f,0x0,0x6e,0x0,0x74,0x0,0x72,0x0,0x6f,
  0x0,0x6c,0x0,0x20,0x0,0x46,0x0,0x6f,0x0,0x6e,0x0,0x74,0x0,0x20,0x0,0x47,
  0x0,0x65,0x0,0x6e,0x0,0x65,0x0,0x72,0x0,0x61,0x0,0x74,0x0,0x6f,0x0,0x72,
  0x0,0x20,0x0,0x20,0x0,0x68,0x0,0x74,0x0,0x74,0x0,0x70,0x0,0x73,0x0,0x3a,
  0x0,0x2f,0x0,0x2f,0x0,0x67,0x0,0x69,0x0,0x74,0x0,0x68,0x0,0x75,0x0,0x62,
  0x0,0x2e,0x0,0x63,0x0,0x6f,0x0,0x6d,0x0,0x2f,0x0,0x72,0x0,0x65,0x0,0x64,
  0x0,0x70,0x0,0x61,0x0,0x6e,0x0,0x64,0x0,0x61,0x0,0x2d,0x0,0x63,0x0,0x70,
  0x0,0x70,0x0,0x2f,0x0,0x63,0x0,0x6f,0x0,0x6e,0x0,0x74,0x0,0x72,0x0,0x6f,
  0x0,0x6c,0x0,0x2d,0x0,0x66,0x0,0x6f,0x0,0x6e,0x0,0x74,0x0,0x20,0x0,0x54,
  0x0,0x68,0x0,0x69,0x0,0x73,0x0,0x20,0x0,0x66,0x0,0x6f,0x0,0x6e,0x0,0x74,
  0x0,0x20,0x0,0x73,0x0,0x6f,0x0,0x66,0x0,0x74,0x0,0x77,0x0,0x61,0x0,0x72,
  0x0,0x65,0x0,0x20,0x0,0x69,0x0,0x73,0x0,0x20,0x0,0x6c,0x0,0x69,0x0,0x63,
  0x0,0x65,0x0,0x6e,0x0,0x63,0x0,0x65,0x0,0x64,0x0,0x20,0x0,0x75,0x0,0x6e,
  0x0,0x64,0x0,0x65,0x0,0x72,0x0,0x20,0x0,0x74,0x0,0x68,0x0,0x65,0x0,0x20,
  0x0,0x53,0x0,0x49,0x0,0x4c,0x0,0x20,0x0,0x4f,0x0,0x70,0x0,0x65,0x0,0x6e,
  0x0,0x20,0x0,0x46,0x0,0x6f,0x0,0x6e,0x0,0x74,0x0,0x20,0x0,0x4c,0x0,0x69,
  0x0,0x63,0x0,0x65,0x0,0x6e,0x0,0x63,0x0,0x65,0x0,0x2c,0x0,0x20,0x0,0x56,
  0x0,0x65,0x0,0x72,0x0,0x73,0x0,0x69,0x0,0x6f,0x0,0x6e,0x0,0x20,0x0,0x31,
  0x0,0x2e,0x0,0x31,0x0,0x2e,0x0,0x20,0x0,0x54,0x0,0x68,0x0,0x69,0x0,0x73,
  0x0,0x20,0x0,0x6c,0x0,0x69,0x0,0x63,0x0,0x65,0x0,0x6e,0x0,0x63,0x0,0x65,
  0x0,0x20,0x0,0x69,0x0,0x73,0x0,0x20,0x0,0x61,0x0,0x76,0x0,0x61,0x0,0x69,
  0x0,0x6c,0x0,0x61,0x0,0x62,0x0,0x6c,0x0,0x65,0x0,0x20,0x0,0x77,0x0,0x69,
  0x0,0x74,0x0,0x68,0x0,0x20,0x0,0x61,0x0,0x20,0x0,0x46,0x0,0x41,0x0,0x51,
  0x0,0x20,0x0,0x61,0x0,0x74,0x0,0x3a,0x0,0x20,0x0,0x68,0x0,0x74,0x0,0x74,
  0x0,0x70,0x0,0x3a,0x0,0x2f,0x0,0x2f,0x0,0x73,0x0,0x63,0x0,0x72,0x0,0x69,
  0x0,0x70,0x0,0x74,0x0,0x73,0x0,0x2e,0x0,0x73,0x0,0x69,0x0,0x6c,0x0,0x2e,
  0x0,0x6f,0x0,0x72,0x0,0x67,0x0,0x2f,0x0,0x4f,0x0,0x46,0x0,0x4c,0x0,0x2e,
  0x0,0x20,0x0,0x54,0x0,0x68,0x0,0x69,0x0,0x73,0x0,0x20,0x0,0x66,0x0,0x6f,
  0x0,0x6e,0x0,0x74,0x0,0x20,0x0,0x73,0x0,0x6f,0x0,0x66,0x0,0x74,0x0,0x77,
  0x0,0x61,0x0,0x72,0x0,0x65,0x0,0x20,0x0,0x69,0x0,0x73,0x0,0x20,0x0,0x64,
  0x0,0x69,0x0,0x73,0x0,0x74,0x0,0x72,0x0,0x69,0x0,0x62,0x0,0x75,0x0,0x74,
  0x0,0x65,0x0,0x64,0x0,0x20,0x0,0x6f,0x0,0x6e,0x0,0x20,0x0,0x61,0x0,0x6e,
  0x0,0x20,0x0,0x27,0x0,0x41,0x0,0x53,0x0,0x20,0x0,0x49,0x0,0x53,0x0,0x27,
  0x0,0x20,0x0,0x62,0x0,0x61,0x0,0x73,0x0,0x69,0x0,0x73,0x0,0x2c,0x0,0x20,
  0x0,0x77,0x0,0x69,0x0,0x74,0x0,0x68,0x0,0x6f,0x0,0x75,0x0,0x74,0x0,0x20,
  0x0,0x77,0x0,0x61,0x0,0x72,0x0,0x72,0x0,0x61,0x0,0x6e,0x0,0x74,0x0,0x69,
  0x0,0x65,0x0,0x73,0x0,0x20,0x0,0x6f,0x0,0x72,0x0,0x20,0x0,0x63,0x0,0x6f,
  0x0,0x6e,0x0,0x64,0x0,0x69,0x0,0x74,0x0,0x69,0x0,0x6f,0x0,0x6e,0x0,0x73,
  0x0,0x20,0x0,0x6f,0x0,0x66,0x0,0x20,0x0,0x61,0x0,0x6e,0x0,0x79,0x0,0x20,
  0x0,0x6b,0x0,0x69,0x0,0x6e,0x0,0x64,0x0,0x2c,0x0,0x20,0x0,0x65,0x0,0x69,
  0x0,0x74,0x0,0x68,0x0,0x65,0x0,0x72,0x0,0x20,0x0,0x65,0x0,0x78,0x0,0x70,
  0x0,0x72,0x0,0x65,0x0,0x73,0x0,0x73,0x0,0x20,0x0,0x6f,0x0,0x72,0x0,0x20,
  0x0,0x69,0x0,0x6d,0x0,0x70,0x0,0x6c,0x0,0x69,0x0,0x65,0x0,0x64,0x0,0x2e,
  0x0,0x20,0x0,0x53,0x0,0x65,0x0,0x65,0x0,0x20,0x0,0x74,0x0,0x68,0x0,0x65,
  0x0,0x20,0x0,0x53,0x0,0x49,0x0,0x4c,0x0,0x20,0x0,0x4f,0x0,0x70,0x0,0x65,
  0x0,0x6e,0x0,0x20,0x0,0x46,0x0,0x6f,0x0,0x6e,0x0,0x74,0x0,0x20,0x0,0x6c,
  0x0,0x69,0x0,0x63,0x0,0x65,0x0,0x6e,0x0,0x63,0x0,0x65,0x0,0x20,0x0,0x66,
  0x0,0x6f,0x0,0x72,0x0,0x20,0x0,0x74,0x0,0x68,0x0,0x65,0x0,0x20,0x0,0x73,
  0x0,0x70,0x0,0x65,0x0,0x63,0x0,0x69,0x0,0x66,0x0,0x69,0x0,0x63,0x0,0x20,
  0x0,0x6c,0x0,0x61,0x0,0x6e,0x0,0x67,0x0,0x75,0x0,0x61,0x0,0x67,0x0,0x65,
  0x0,0x2c,0x0,0x20,0x0,0x70,0x0,0x65,0x0,0x72,0x0,0x6d,0x0,0x69,0x0,0x73,
  0x0,0x73,0x0,0x69,0x0,0x6f,0x0,0x6e,0x0,0x73,0x0,0x20,0x0,0x61,0x0,0x6e,
  0x0,0x64,0x0,0x20,0x0,0x6c,0x0,0x69,0x0,0x6d,0x0,0x69,0x0,0x74,0x0,0x61,
  0x0,0x74,0x0,0x69,0x0,0x6f,0x0,0x6e,0x0,0x73,0x0,0x20,0x0,0x67,0x0,0x6f,
  0x0,0x76,0x0,0x65,0x0,0x72,0x0,0x6e,0x0,0x69,0x0,0x6e,0x0,0x67,0x0,0x20,
  0x0,0x79,0x0,0x6f,0x0,0x75,0x0,0x72,0x0,0x20,0x0,0x75,0x0,0x73,0x0,0x65,
  0x0,0x20,0x0,0x6f,0x0,0x66,0x0,0x20,0x0,0x74,0x0,0x68,0x0,0x69,0x0,0x73,
  0x0,0x20,0x0,0x66,0x0,0x6f,0x0,0x6e,0x0,0x74,0x0,0x20,0x0,0x73,0x0,0x6f,
  0x0,0x66,0x0,0x74,0x0,0x77,0x0,0x61,0x0,0x72,0x0,0x65,0x0,0x2e,0x0,0x68,
  0x0,0x74,0x0,0x74,0x0,0x70,0x0,0x73,0x0,0x3a,0x0,0x2f,0x0,0x2f,0x0,0x6f,
  0x0,0x70,0x0,0x65,0x0,0x6e,0x0,0x66,0x0,0x6f,0x0,0x6e,0x0,0x74,0x0,0x6c,
  0x0,0x69,0x0,0x63,0x0,0x65,0x0,0x6e,0x0,0x73,0x0,0x65,0x0,0x2e,0x0,0x6f,
  0x0,0x72,0x0,0x67,0x0,0x2f,0x0,0x52,0x0,0x65,0x0,0x64,0x0,0x20,0x0,0x50,
  0x0,0x61,0x0,0x6e,0x0,0x64,0x0,0x61,0x0,0x20,0x0,0x43,0x0,0x6f,0x0,0x6e,
  0x0,0x74,0x0,0x72,0x0,0x6f,0x0,0x6c,0x0,0x52,0x0,0x65,0x0,0x67,0x0,0x75,
  0x0,0x6c,0x0,0x61,0x0,0x72,0x0,0x0,0x3,0x0,0x0,0x0,0x0,0x0,0x0,0x0,
  0x0,0x0,0x0,0x0,0x0,0x0,0x0,0x0,0x0,0x0,0x0,0x0,0x0,0x0,0x0,0x0,
  0x0,0x0,0x0,0x0,0x0,0x0,0x0,0x0,0x1,0x0,0x1,0xff,0xff,0x0,0xf,0x0,
  0x0,0x0,0x0,0x0,0x0,0x0,0x0,0x0,0x0,0x0,0x0,0x0,0x0,0x0,0x0,0xb0,
  0x0,0x2c,0x20,0xb0,0x0,0x55,0x58,0x45,0x59,0x20,0x20,0x4b,0xb8,0x0,0xe,0x51,
  0x4b,0xb0,0x6,0x53,0x5a,0x58,0xb0,0x34,0x1b,0xb0,0x28,0x59,0x60,0x66,0x20,0x8a,
  0x55,0x58,0xb0,0x2,0x25,0x61,0xb9,0x8,0x0,0x8,0x0,0x63,0x63,0x23,0x62,0x1b,
  0x21,0x21,0xb0,0x0,0x59,0xb0,0x0,0x43,0x23,0x44,0xb2,0x0,0x1,0x0,0x43,0x60,
  0x42,0x2d,0xb0,0x1,0x2c,0xb0,0x20,0x60,0x66,0x2d,0xb0,0x2,0x2c,0x23,0x21,0x23,
  0x21,0x2d,0xb0,0x3,0x2c,0x20,0x64,0xb3,0x3,0x14,0x15,0x0,0x42,0x43,0xb0,0x13,
  0x43,0x20,0x60,0x60,0x42,0xb1,0x2,0x14,0x43,0x42,0xb1,0x25,0x3,0x43,0xb0,0x2,
  0x43,0x54,0x78,0x20,0xb0,0xc,0x23,0xb0,0x2,0x43,0x43,0x61,0x64,0xb0,0x4,0x50,
  0x78,0xb2,0x2,0x2,0x2,0x43,0x60,0x42,0xb0,0x21,0x65,0x1c,0x21,0xb0,0x2,0x43,
  0x43,0xb2,0xe,0x15,0x1,0x42,0x1c,0x20,0xb0,0x2,0x43,0x23,0x42,0xb2,0x13,0x1,
  0x13,0x43,0x60,0x42,0x23,0xb0,0x0,0x50,0x58,0x65,0x59,0xb2,0x16,0x1,0x2,0x43,
  0x60,0x42,0x2d,0xb0,0x4,0x2c,0xb0,0x3,0x2b,0xb0,0x15,0x43,0x58,0x23,0x21,0x23,
  0x21,0xb0,0x16,0x43,0x43,0x23,0xb0,0x0,0x50,0x58,0x65,0x59,0x1b,0x20,0x64,0x20,
  0xb0,0xc0,0x50,0xb0,0x4,0x26,0x5a,0xb2,0x28,0x1,0xd,0x43,0x45,0x63,0x45,0xb0,
  0x6,0x45,0x58,0x21,0xb0,0x3,0x25,0x59,0x52,0x5b,0x58,0x21,0x23,0x21,0x1b,0x8a,
  0x58,0x20,0xb0,0x50,0x50,0x58,0x21,0xb0,0x40,0x59,0x1b,0x20,0xb0,0x38,0x50,0x58,
  0x21,0xb0,0x38,0x59,0x59,0x20,0xb1,0x1,0xd,0x43,0x45,0x63,0x45,0x61,0x64,0xb0,
  0x28,0x50,0x58,0x21,0xb1,0x1,0xd,0x43,0x45,0x63,0x45,0x20,0xb0,0x30,0x50,0x58,
  0x21,0xb0,0x30,0x59,0x1b,0x20,0xb0,0xc0,0x50,0x58,0x20,0x66,0x20,0x8a,0x8a,0x61,
  0x20,0xb0,0xa,0x50,0x58,0x60,0x1b,0x20,0xb0,0x20,0x50,0x58,0x21,0xb0,0xa,0x60,
  0x1b,0x20,0xb0,0x36,0x50,0x58,0x21,0xb0,0x36,0x60,0x1b,0x60,0x59,0x59,0x59,0x1b,
  0xb0,0x2,0x25,0xb0,0xc,0x43,0x63,0xb0,0x0,0x52,0x58,0xb0,0x0,0x4b,0xb0,0xa,
  0x50,0x58,0x21,0xb0,0xc,0x43,0x1b,0x4b,0xb0,0x1e,0x50,0x58,0x21,0xb0,0x1e,0x4b,
  0x61,0xb8,0x10,0x0,0x63,0xb0,0xc,0x43,0x63,0xb8,0x5,0x0,0x62,0x59,0x59,0x64,
  0x61,0x59,0xb0,0x1,0x2b,0x59,0x59,0x23,0xb0,0x0,0x50,0x58,0x65,0x59,0x59,0x20,
  0x64,0xb0,0x16,0x43,0x23,0x42,0x59,0x2d,0xb0,0x5,0x2c,0x20,0x45,0x20,0xb0,0x4,
  0x25,0x61,0x64,0x20,0xb0,0x7,0x43,0x50,0x58,0xb0,0x7,0x23,0x42,0xb0,0x8,0x23,
  0x42,0x1b,0x21,0x21,0x59,0xb0,0x1,0x60,0x2d,0xb0,0x6,0x2c,0x23,0x21,0x23,0x21,
  0xb0,0x3,0x2b,0x20,0x64,0xb1,0x7,0x62,0x42,0x20,0xb0,0x8,0x23,0x42,0xb0,0x6,
  0x45,0x58,0x1b,0xb1,0x1,0xd,0x43,0x45,0x63,0xb1,0x1,0xd,0x43,0xb0,0x0,0x60,
  0x45,0x63,0xb0,0x5,0x2a,0x21,0x20,0xb0,0x8,0x43,0x20,0x8a,0x20,0x8a,0xb0,0x1,
  0x2b,0xb1,0x30,0x5,0x25,0xb0,0x4,0x26,0x51,0x58,0x60,0x50,0x1b,0x61,0x52,0x59,
  0x58,0x23,0x59,0x21,0x59,0x20,0xb0,0x40,0x53,0x58,0xb0,0x1,0x2b,0x1b,0x21,0xb0,
  0x40,0x59,0x23,0xb0,0x0,0x50,0x58,0x65,0x59,0x2d,0xb0,0x7,0x2c,0xb0,0x9,0x43,
  0x2b,0xb2,0x0,0x2,0x0,0x43,0x60,0x42,0x2d,0xb0,0x8,0x2c,0xb0,0x9,0x23,0x42,
  0x23,0x20,0xb0,0x0,0x23,0x42,0x61,0xb0,0x2,0x62,0x66,0xb0,0x1,0x63,0xb0,0x1,
  0x60,0xb0,0x7,0x2a,0x2d,0xb0,0x9,0x2c,0x20,0x20,0x45,0x20,0xb0,0xe,0x43,0x63,
  0xb8,0x4,0x0,0x62,0x20,0xb0,0x0,0x50,0x58,0xb0,0x40,0x60,0x59,0x66,0xb0,0x1,
  0x63,0x60,0x44,0xb0,0x1,0x60,0x2d,0xb0,0xa,0x2c,0xb2,0x9,0xe,0x0,0x43,0x45,
  0x42,0x2a,0x21,0xb2,0x0,0x1,0x0,0x43,0x60,0x42,0x2d,0xb0,0xb,0x2c,0xb0,0x0,
  0x43,0x23,0x44,0xb2,0x0,0x1,0x0,0x43,0x60,0x42,0x2d,0xb0,0xc,0x2c,0x20,0x20,
  0x45,0x20,0xb0,0x1,0x2b,0x23,0xb0,0x0,0x43,0xb0,0x4,0x25,0x60,0x20,0x45,0x8a,
  0x23,0x61,0x20,0x64,0x20,0xb0,0x20,0x50,0x58,0x21,0xb0,0x0,0x1b,0xb0,0x30,0x50,
  0x58,0xb0,0x20,0x1b,0xb0,0x40,0x59,0x59,0x23,0xb0,0x0,0x50,0x58,0x65,0x59,0xb0,
  0x3,0x25,0x23,0x61,0x44,0x44,0xb0,0x1,0x60,0x2d,0xb0,0xd,0x2c,0x20,0x20,0x45,
  0x20,0xb0,0x1,0x2b,0x23,0xb0,0x0,0x43,0xb0,0x4,0x25,0x60,0x20,0x45,0x8a,0x23,
  0x61,0x20,0x64,0xb0,0x24,0x50,0x58,0xb0,0x0,0x1b,0xb0,0x40,0x59,0x23,0xb0,0x0,
  0x50,0x58,0x65,0x59,0xb0,0x3,0x25,0x23,0x61,0x44,0x44,0xb0,0x1,0x60,0x2d,0xb0,
  0xe,0x2c,0x20,0xb0,0x0,0x23,0x42,0xb3,0xd,0xc,0x0,0x3,0x45,0x50,0x58,0x21,
  0x1b,0x23,0x21,0x59,0x2a,0x21,0x2d,0xb0,0xf,0x2c,0xb1,0x2,0x2,0x45,0xb0,0x64,
  0x61,0x44,0x2d,0xb0,0x10,0x2c,0xb0,0x1,0x60,0x20,0x20,0xb0,0xf,0x43,0x4a,0xb0,
  0x0,0x50,0x58,0x20,0xb0,0xf,0x23,0x42,0x59,0xb0,0x10,0x43,0x4a,0xb0,0x0,0x52,
  0x58,0x20,0xb0,0x10,0x23,0x42,0x59,0x2d,0xb0,0x11,0x2c,0x20,0xb0,0x10,0x62,0x66,
  0xb0,0x1,0x63,0x20,0xb8,0x4,0x0,0x63,0x8a,0x23,0x61,0xb0,0x11,0x43,0x60,0x20,
  0x8a,0x60,0x20,0xb0,0x11,0x23,0x42,0x23,0x2d,0xb0,0x12,0x2c,0x4b,0x54,0x58,0xb1,
  0x4,0x64,0x44,0x59,0x24,0xb0,0xd,0x65,0x23,0x78,0x2d,0xb0,0x13,0x2c,0x4b,0x51,
  0x58,0x4b,0x53,0x58,0xb1,0x4,0x64,0x44,0x59,0x1b,0x21,0x59,0x24,0xb0,0x13,0x65,
  0x23,0x78,0x2d,0xb0,0x14,0x2c,0xb1,0x0,0x12,0x43,0x55,0x58,0xb1,0x12,0x12,0x43,
  0xb0,0x1,0x61,0x42,0xb0,0x11,0x2b,0x59,0xb0,0x0,0x43,0xb0,0x2,0x25,0x42,0xb1,
  0xf,0x2,0x25,0x42,0xb1,0x10,0x2,0x25,0x42,0xb0,0x1,0x16,0x23,0x20,0xb0,0x3,
  0x25,0x50,0x58,0xb1,0x1,0x0,0x43,0x60,0xb0,0x4,0x25,0x42,0x8a,0x8a,0x20,0x8a,
  0x23,0x61,0xb0,0x10,0x2a,0x21,0x23,0xb0,0x1,0x61,0x20,0x8a,0x23,0x61,0xb0,0x10,
  0x2a,0x21,0x1b,0xb1,0x1,0x0,0x43,0x60,0xb0,0x2,0x25,0x42,0xb0,0x2,0x25,0x61,
  0xb0,0x10,0x2a,0x21,0x59,0xb0,0xf,0x43,0x47,0xb0,0x10,0x43,0x47,0x60,0xb0,0x2,
  0x62,0x20,0xb0,0x0,0x50,0x58,0xb0,0x40,0x60,0x59,0x66,0xb0,0x1,0x63,0x20,0xb0,
  0xe,0x43,0x63,0xb8,0x4,0x0,0x62,0x20,0xb0,0x0,0x50,0x58,0xb0,0x40,0x60,0x59,
  0x66,0xb0,0x1,0x63,0x60,0xb1,0x0,0x0,0x13,0x23,0x44,0xb0,0x1,0x43,0xb0,0x0,
  0x3e,0xb2,0x1,0x1,0x1,0x43,0x60,0x42,0x2d,0xb0,0x15,0x2c,0x0,0xb1,0x0,0x2,
  0x45,0x54,0x58,0xb0,0x12,0x23,0x42,0x20,0x45,0xb0,0xe,0x23,0x42,0xb0,0xd,0x23,
  0xb0,0x0,0x60,0x42,0x20,0x60,0xb7,0x18,0x18,0x1,0x0,0x11,0x0,0x13,0x0,0x42,
  0x42,0x42,0x8a,0x60,0x20,0xb0,0x14,0x23,0x42,0xb0,0x1,0x61,0xb1,0x14,0x8,0x2b,
  0xb0,0x8b,0x2b,0x1b,0x22,0x59,0x2d,0xb0,0x16,0x2c,0xb1,0x0,0x15,0x2b,0x2d,0xb0,
  0x17,0x2c,0xb1,0x1,0x15,0x2b,0x2d,0xb0,0x18,0x2c,0xb1,0x2,0x15,0x2b,0x2d,0xb0,
  0x19,0x2c,0xb1,0x3,0x15,0x2b,0x2d,0xb0,0x1a,0x2c,0xb1,0x4,0x15,0x2b,0x2d,0xb0,
  0x1b,0x2c,0xb1,0x5,0x15,0x2b,0x2d,0xb0,0x1c,0x2c,0xb1,0x6,0x15,0x2b,0x2d,0xb0,
  0x1d,0x2c,0xb1,0x7,0x15,0x2b,0x2d,0xb0,0x1e,0x2c,0xb1,0x8,0x15,0x2b,0x2d,0xb0,
  0x1f,0x2c,0xb1,0x9,0x15,0x2b,0x2d,0xb0,0x2b,0x2c,0x23,0x20,0xb0,0x10,0x62,0x66,
  0xb0,0x1,0x63,0xb0,0x6,0x60,0x4b,0x54,0x58,0x23,0x20,0x2e,0xb0,0x1,0x5d,0x1b,
  0x21,0x21,0x59,0x2d,0xb0,0x2c,0x2c,0x23,0x20,0xb0,0x10,0x62,0x66,0xb0,0x1,0x63,
  0xb0,0x16,0x60,0x4b,0x54,0x58,0x23,0x20,0x2e,0xb0,0x1,0x71,0x1b,0x21,0x21,0x59,
  0x2d,0xb0,0x2d,0x2c,0x23,0x20,0xb0,0x10,0x62,0x66,0xb0,0x1,0x63,0xb0,0x26,0x60,
  0x4b,0x54,0x58,0x23,0x20,0x2e,0xb0,0x1,0x72,0x1b,0x21,0x21,0x59,0x2d,0xb0,0x20,
  0x2c,0x0,0xb0,0xf,0x2b,0xb1,0x0,0x2,0x45,0x54,0x58,0xb0,0x12,0x23,0x42,0x20,
  0x45,0xb0,0xe,0x23,0x42,0xb0,0xd,0x23,0xb0,0x0,0x60,0x42,0x20,0x60,0xb0,0x1,
  0x61,0xb5,0x18,0x18,0x1,0x0,0x11,0x0,0x42,0x42,0x8a,0x60,0xb1,0x14,0x8,0x2b,
  0xb0,0x8b,0x2b,0x1b,0x22,0x59,0x2d,0xb0,0x21,0x2c,0xb1,0x0,0x20,0x2b,0x2d,0xb0,
  0x22,0x2c,0xb1,0x1,0x20,0x2b,0x2d,0xb0,0x23,0x2c,0xb1,0x2,0x20,0x2b,0x2d,0xb0,
  0x24,0x2c,0xb1,0x3,0x20,0x2b,0x2d,0xb0,0x25,0x2c,0xb1,0x4,0x20,0x2b,0x2d,0xb0,
  0x26,0x2c,0xb1,0x5,0x20,0x2b,0x2d,0xb0,0x27,0x2c,0xb1,0x6,0x20,0x2b,0x2d,0xb0,
  0x28,0x2c,0xb1,0x7,0x20,0x2b,0x2d,0xb0,0x29,0x2c,0xb1,0x8,0x20,0x2b,0x2d,0xb0,
  0x2a,0x2c,0xb1,0x9,0x20,0x2b,0x2d,0xb0,0x2e,0x2c,0x20,0x3c,0xb0,0x1,0x60,0x2d,
  0xb0,0x2f,0x2c,0x20,0x60,0xb0,0x18,0x60,0x20,0x43,0x23,0xb0,0x1,0x60,0x43,0xb0,
  0x2,0x25,0x61,0xb0,0x1,0x60,0xb0,0x2e,0x2a,0x21,0x2d,0xb0,0x30,0x2c,0xb0,0x2f,
  0x2b,0xb0,0x2f,0x2a,0x2d,0xb0,0x31,0x2c,0x20,0x20,0x47,0x20,0x20,0xb0,0xe,0x43,
  0x63,0xb8,0x4,0x0,0x62,0x20,0xb0,0x0,0x50,0x58,0xb0,0x40,0x60,0x59,0x66,0xb0,
  0x1,0x63,0x60,0x23,0x61,0x38,0x23,0x20,0x8a,0x55,0x58,0x20,0x47,0x20,0x20,0xb0,
  0xe,0x43,0x63,0xb8,0x4,0x0,0x62,0x20,0xb0,0x0,0x50,0x58,0xb0,0x40,0x60,0x59,
  0x66,0xb0,0x1,0x63,0x60,0x23,0x61,0x38,0x1b,0x21,0x59,0x2d,0xb0,0x32,0x2c,0x0,
  0xb1,0x0,0x2,0x45,0x54,0x58,0xb1,0xe,0x6,0x45,0x42,0xb0,0x1,0x16,0xb0,0x31,
  0x2a,0xb1,0x5,0x1,0x15,0x45,0x58,0x30,0x59,0x1b,0x22,0x59,0x2d,0xb0,0x33,0x2c,
  0x0,0xb0,0xf,0x2b,0xb1,0x0,0x2,0x45,0x54,0x58,0xb1,0xe,0x6,0x45,0x42,0xb0,
  0x1,0x16,0xb0,0x31,0x2a,0xb1,0x5,0x1,0x15,0x45,0x58,0x30,0x59,0x1b,0x22,0x59,
  0x2d,0xb0,0x34,0x2c,0x20,0x35,0xb0,0x1,0x60,0x2d,0xb0,0x35,0x2c,0x0,0xb1,0xe,
  0x6,0x45,0x42,0xb0,0x1,0x45,0x63,0xb8,0x4,0x0,0x62,0x20,0xb0,0x0,0x50,0x58,
  0xb0,0x40,0x60,0x59,0x66,0xb0,0x1,0x63,0xb0,0x1,0x2b,0xb0,0xe,0x43,0x63,0xb8,
  0x4,0x0,0x62,0x20,0xb0,0x0,0x50,0x58,0xb0,0x40,0x60,0x59,0x66,0xb0,0x1,0x63,
  0xb0,0x1,0x2b,0xb0,0x0,0x16,0xb4,0x0,0x0,0x0,0x0,0x0,0x44,0x3e,0x23,0x38,
  0xb1,0x34,0x1,0x15,0x2a,0x21,0x2d,0xb0,0x36,0x2c,0x20,0x3c,0x20,0x47,0x20,0xb0,
  0xe,0x43,0x63,0xb8,0x4,0x0,0x62,0x20,0xb0,0x0,0x50,0x58,0xb0,0x40,0x60,0x59,
  0x66,0xb0,0x1,0x63,0x60,0xb0,0x0,0x43,0x61,0x38,0x2d,0xb0,0x37,0x2c,0x2e,0x17,
  0x3c,0x2d,0xb0,0x38,0x2c,0x20,0x3c,0x20,0x47,0x20,0xb0,0xe,0x43,0x63,0xb8,0x4,
  0x0,0x62,0x20,0xb0,0x0,0x50,0x58,0xb0,0x40,0x60,0x59,0x66,0xb0,0x1,0x63,0x60,
  0xb0,0x0,0x43,0x61,0xb0,0x1,0x43,0x63,0x38,0x2d,0xb0,0x39,0x2c,0xb1,0x2,0x0,
  0x16,0x25,0x20,0x2e,0x20,0x47,0xb0,0x0,0x23,0x42,0xb0,0x2,0x25,0x49,0x8a,0x8a,
  0x47,0x23,0x47,0x23,0x61,0x20,0x58,0x62,0x1b,0x21,0x59,0xb0,0x1,0x23,0x42,0xb2,
  0x38,0x1,0x1,0x15,0x14,0x2a,0x2d,0xb0,0x3a,0x2c,0xb0,0x0,0x16,0xb0,0x17,0x23,
  0x42,0xb0,0x4,0x25,0xb0,0x4,0x25,0x47,0x23,0x47,0x23,0x61,0xb1,0xc,0x0,0x42,
  0xb0,0xb,0x43,0x2b,0x65,0x8a,0x2e,0x23,0x20,0x20,0x3c,0x8a,0x38,0x2d,0xb0,0x3b,
  0x2c,0xb0,0x0,0x16,0xb0,0x17,0x23,0x42,0xb0,0x4,0x25,0xb0,0x4,0x25,0x20,0x2e,
  0x47,0x23,0x47,0x23,0x61,0x20,0xb0,0x6,0x23,0x42,0xb1,0xc,0x0,0x42,0xb0,0xb,
  0x43,0x2b,0x20,0xb0,0x60,0x50,0x58,0x20,0xb0,0x40,0x51,0x58,0xb3,0x4,0x20,0x5,
  0x20,0x1b,0xb3,0x4,0x26,0x5,0x1a,0x59,0x42,0x42,0x23,0x20,0xb0,0xa,0x43,0x20,
  0x8a,0x23,0x47,0x23,0x47,0x23,0x61,0x23,0x46,0x60,0xb0,0x6,0x43,0xb0,0x2,0x62,
  0x20,0xb0,0x0,0x50,0x58,0xb0,0x40,0x60,0x59,0x66,0xb0,0x1,0x63,0x60,0x20,0xb0,
  0x1,0x2b,0x20,0x8a,0x8a,0x61,0x20,0xb0,0x4,0x43,0x60,0x64,0x23,0xb0,0x5,0x43,
  0x61,0x64,0x50,0x58,0xb0,0x4,0x43,0x61,0x1b,0xb0,0x5,0x43,0x60,0x59,0xb0,0x3,
  0x25,0xb0,0x2,0x62,0x20,0xb0,0x0,0x50,0x58,0xb0,0x40,0x60,0x59,0x66,0xb0,0x1,
  0x63,0x61,0x23,0x20,0x20,0xb0,0x4,0x26,0x23,0x46,0x61,0x38,0x1b,0x23,0xb0,0xa,
  0x43,0x46,0xb0,0x2,0x25,0xb0,0xa,0x43,0x47,0x23,0x47,0x23,0x61,0x60,0x20,0xb0,
  0x6,0x43,0xb0,0x2,0x62,0x20,0xb0,0x0,0x50,0x58,0xb0,0x40,0x60,0x59,0x66,0xb0,
  0x1,0x63,0x60,0x23,0x20,0xb0,0x1,0x2b,0x23,0xb0,0x6,0x43,0x60,0xb0,0x1,0x2b,
  0xb0,0x5,0x25,0x61,0xb0,0x5,0x25,0xb0,0x2,0x62,0x20,0xb0,0x0,0x50,0x58,0xb0,
  0x40,0x60,0x59,0x66,0xb0,0x1,0x63,0xb0,0x4,0x26,0x61,0x20,0xb0,0x4,0x25,0x60,
  0x64,0x23,0xb0,0x3,0x25,0x60,0x64,0x50,0x58,0x21,0x1b,0x23,0x21,0x59,0x23,0x20,
  0x20,0xb0,0x4,0x26,0x23,0x46,0x61,0x38,0x59,0x2d,0xb0,0x3c,0x2c,0xb0,0x0,0x16,
  0xb0,0x17,0x23,0x42,0x20,0x20,0x20,0xb0,0x5,0x26,0x20,0x2e,0x47,0x23,0x47,0x23,
  0x61,0x23,0x3c,0x38,0x2d,0xb0,0x3d,0x2c,0xb0,0x0,0x16,0xb0,0x17,0x23,0x42,0x20,
  0xb0,0xa,0x23,0x42,0x20,0x20,0x20,0x46,0x23,0x47,0xb0,0x1,0x2b,0x23,0x61,0x38,
  0x2d,0xb0,0x3e,0x2c,0xb0,0x0,0x16,0xb0,0x17,0x23,0x42,0xb0,0x3,0x25,0xb0,0x2,
  0x25,0x47,0x23,0x47,0x23,0x61,0xb0,0x0,0x54,0x58,0x2e,0x20,0x3c,0x23,0x21,0x1b,
  0xb0,0x2,0x25,0xb0,0x2,0x25,0x47,0x23,0x47,0x23,0x61,0x20,0xb0,0x5,0x25,0xb0,
  0x4,0x25,0x47,0x23,0x47,0x23,0x61,0xb0,0x6,0x25,0xb0,0x5,0x25,0x49,0xb0,0x2,
  0x25,0x61,0xb9,0x8,0x0,0x8,0x0,0x63,0x63,0x23,0x20,0x58,0x62,0x1b,0x21,0x59,
  0x63,0xb8,0x4,0x0,0x62,0x20,0xb0,0x0,0x50,0x58,0xb0,0x40,0x60,0x59,0x66,0xb0,
  0x1,0x63,0x60,0x23,0x2e,0x23,0x20,0x20,0x3c,0x8a,0x38,0x23,0x21,0x59,0x2d,0xb0,
  0x3f,0x2c,0xb0,0x0,0x16,0xb0,0x17,0x23,0x42,0x20,0xb0,0xa,0x43,0x20,0x2e,0x47,
  0x23,0x47,0x23,0x61,0x20,0x60,0xb0,0x20,0x60,0x66,0xb0,0x2,0x62,0x20,0xb0,0x0,
  0x50,0x58,0xb0,0x40,0x60,0x59,0x66,0xb0,0x1,0x63,0x23,0x20,0x20,0x3c,0x8a,0x38,
  0x2d,0xb0,0x40,0x2c,0x23,0x20,0x2e,0x46,0xb0,0x2,0x25,0x46,0xb0,0x17,0x43,0x58,
  0x50,0x1b,0x52,0x59,0x58,0x20,0x3c,0x59,0x2e,0xb1,0x30,0x1,0x14,0x2b,0x2d,0xb0,
  0x41,0x2c,0x23,0x20,0x2e,0x46,0xb0,0x2,0x25,0x46,0xb0,0x17,0x43,0x58,0x52,0x1b,
  0x50,0x59,0x58,0x20,0x3c,0x59,0x2e,0xb1,0x30,0x1,0x14,0x2b,0x2d,0xb0,0x42,0x2c,
  0x23,0x20,0x2e,0x46,0xb0,0x2,0x25,0x46,0xb0,0x17,0x43,0x58,0x50,0x1b,0x52,0x59,
  0x58,0x20,0x3c,0x59,0x23,0x20,0x2e,0x46,0xb0,0x2,0x25,0x46,0xb0,0x17,0x43,0x58,
  0x52,0x1b,0x50,0x59,0x58,0x20,0x3c,0x59,0x2e,0xb1,0x30,0x1,0x14,0x2b,0x2d,0xb0,
  0x43,0x2c,0xb0,0x3a,0x2b,0x23,0x20,0x2e,0x46,0xb0,0x2,0x25,0x46,0xb0,0x17,0x43,
  0x58,0x50,0x1b,0x52,0x59,0x58,0x20,0x3c,0x59,0x2e,0xb1,0x30,0x1,0x14,0x2b,0x2d,
  0xb0,0x44,0x2c,0xb0,0x3b,0x2b,0x8a,0x20,0x20,0x3c,0xb0,0x6,0x23,0x42,0x8a,0x38,
  0x23,0x20,0x2e,0x46,0xb0,0x2,0x25,0x46,0xb0,0x17,0x43,0x58,0x50,0x1b,0x52,0x59,
  0x58,0x20,0x3c,0x59,0x2e,0xb1,0x30,0x1,0x14,0x2b,0xb0,0x6,0x43,0x2e,0xb0,0x30,
  0x2b,0x2d,0xb0,0x45,0x2c,0xb0,0x0,0x16,0xb0,0x4,0x25,0xb0,0x4,0x26,0x20,0x20,
  0x20,0x46,0x23,0x47,0x61,0xb0,0xc,0x23,0x42,0x2e,0x47,0x23,0x47,0x23,0x61,0xb0,
  0xb,0x43,0x2b,0x23,0x20,0x3c,0x20,0x2e,0x23,0x38,0xb1,0x30,0x1,0x14,0x2b,0x2d,
  0xb0,0x46,0x2c,0xb1,0xa,0x4,0x25,0x42,0xb0,0x0,0x16,0xb0,0x4,0x25,0xb0,0x4,
  0x25,0x20,0x2e,0x47,0x23,0x47,0x23,0x61,0x20,0xb0,0x6,0x23,0x42,0xb1,0xc,0x0,
  0x42,0xb0,0xb,0x43,0x2b,0x20,0xb0,0x60,0x50,0x58,0x20,0xb0,0x40,0x51,0x58,0xb3,
  0x4,0x20,0x5,0x20,0x1b,0xb3,0x4,0x26,0x5,0x1a,0x59,0x42,0x42,0x23,0x20,0x47,
  0xb0,0x6,0x43,0xb0,0x2,0x62,0x20,0xb0,0x0,0x50,0x58,0xb0,0x40,0x60,0x59,0x66,
  0xb0,0x1,0x63,0x60,0x20,0xb0,0x1,0x2b,0x20,0x8a,0x8a,0x61,0x20,0xb0,0x4,0x43,
  0x60,0x64,0x23,0xb0,0x5,0x43,0x61,0x64,0x50,0x58,0xb0,0x4,0x43,0x61,0x1b,0xb0,
  0x5,0x43,0x60,0x59,0xb0,0x3,0x25,0xb0,0x2,0x62,0x20,0xb0,0x0,0x50,0x58,0xb0,
  0x40,0x60,0x59,0x66,0xb0,0x1,0x63,0x61,0xb0,0x2,0x25,0x46,0x61,0x38,0x23,0x20,
  0x3c,0x23,0x38,0x1b,0x21,0x20,0x20,0x46,0x23,0x47,0xb0,0x1,0x2b,0x23,0x61,0x38,
  0x21,0x59,0xb1,0x30,0x1,0x14,0x2b,0x2d,0xb0,0x47,0x2c,0xb1,0x0,0x3a,0x2b,0x2e,
  0xb1,0x30,0x1,0x14,0x2b,0x2d,0xb0,0x48,0x2c,0xb1,0x0,0x3b,0x2b,0x21,0x23,0x20,
  0x20,0x3c,0xb0,0x6,0x23,0x42,0x23,0x38,0xb1,0x30,0x1,0x14,0x2b,0xb0,0x6,0x43,
  0x2e,0xb0,0x30,0x2b,0x2d,0xb0,0x49,0x2c,0xb0,0x0,0x15,0x20,0x47,0xb0,0x0,0x23,
  0x42,0xb2,0x0,0x1,0x1,0x15,0x14,0x13,0x2e,0xb0,0x36,0x2a,0x2d,0xb0,0x4a,0x2c,
  0xb0,0x0,0x15,0x20,0x47,0xb0,0x0,0x23,0x42,0xb2,0x0,0x1,0x1,0x15,0x14,0x13,
  0x2e,0xb0,0x36,0x2a,0x2d,0xb0,0x4b,0x2c,0xb1,0x0,0x1,0x14,0x13,0xb0,0x37,0x2a,
  0x2d,0xb0,0x4c,0x2c,0xb0,0x39,0x2a,0x2d,0xb0,0x4d,0x2c,0xb0,0x0,0x16,0x45,0x23,
  0x20,0x2e,0x20,0x46,0x8a,0x23,0x61,0x38,0xb1,0x30,0x1,0x14,0x2b,0x2d,0xb0,0x4e,
  0x2c,0xb0,0xa,0x23,0x42,0xb0,0x4d,0x2b,0x2d,0xb0,0x4f,0x2c,0xb2,0x0,0x0,0x46,
  0x2b,0x2d,0xb0,0x50,0x2c,0xb2,0x0,0x1,0x46,0x2b,0x2d,0xb0,0x51,0x2c,0xb2,0x1,
  0x0,0x46,0x2b,0x2d,0xb0,0x52,0x2c,0xb2,0x1,0x1,0x46,0x2b,0x2d,0xb0,0x53,0x2c,
  0xb2,0x0,0x0,0x47,0x2b,0x2d,0xb0,0x54,0x2c,0xb2,0x0,0x1,0x47,0x2b,0x2d,0xb0,
  0x55,0x2c,0xb2,0x1,0x0,0x47,0x2b,0x2d,0xb0,0x56,0x2c,0xb2,0x1,0x1,0x47,0x2b,
  0x2d,0xb0,0x57,0x2c,0xb3,0x0,0x0,0x0,0x43,0x2b,0x2d,0xb0,0x58,0x2c,0xb3,0x0,
  0x1,0x0,0x43,0x2b,0x2d,0xb0,0x59,0x2c,0xb3,0x1,0x0,0x0,0x43,0x2b,0x2d,0xb0,
  0x5a,0x2c,0xb3,0x1,0x1,0x0,0x43,0x2b,0x2d,0xb0,0x5b,0x2c,0xb3,0x0,0x0,0x1,
  0x43,0x2b,0x2d,0xb0,0x5c,0x2c,0xb3,0x0,0x1,0x1,0x43,0x2b,0x2d,0xb0,0x5d,0x2c,
  0xb3,0x1,0x0,0x1,0x43,0x2b,0x2d,0xb0,0x5e,0x2c,0xb3,0x1,0x1,0x1,0x43,0x2b,
  0x2d,0xb0,0x5f,0x2c,0xb2,0x0,0x0,0x45,0x2b,0x2d,0xb0,0x60,0x2c,0xb2,0x0,0x1,
  0x45,0x2b,0x2d,0xb0,0x61,0x2c,0xb2,0x1,0x0,0x45,0x2b,0x2d,0xb0,0x62,0x2c,0xb2,
  0x1,0x1,0x45,0x2b,0x2d,0xb0,0x63,0x2c,0xb2,0x0,0x0,0x48,0x2b,0x2d,0xb0,0x64,
  0x2c,0xb2,0x0,0x1,0x48,0x2b,0x2d,0xb0,0x65,0x2c,0xb2,0x1,0x0,0x48,0x2b,0x2d,
  0xb0,0x66,0x2c,0xb2,0x1,0x1,0x48,0x2b,0x2d,0xb0,0x67,0x2c,0xb3,0x0,0x0,0x0,
  0x44,0x2b,0x2d,0xb0,0x68,0x2c,0xb3,0x0,0x1,0x0,0x44,0x2b,0x2d,0xb0,0x69,0x2c,
  0xb3,0x1,0x0,0x0,0x44,0x2b,0x2d,0xb0,0x6a,0x2c,0xb3,0x1,0x1,0x0,0x44,0x2b,
  0x2d,0xb0,0x6b,0x2c,0xb3,0x0,0x0,0x1,0x44,0x2b,0x2d,0xb0,0x6c,0x2c,0xb3,0x0,
  0x1,0x1,0x44,0x2b,0x2d,0xb0,0x6d,0x2c,0xb3,0x1,0x0,0x1,0x44,0x2b,0x2d,0xb0,
  0x6e,0x2c,0xb3,0x1,0x1,0x1,0x44,0x2b,0x2d,0xb0,0x6f,0x2c,0xb1,0x0,0x3c,0x2b,
  0x2e,0xb1,0x30,0x1,0x14,0x2b,0x2d,0xb0,0x70,0x2c,0xb1,0x0,0x3c,0x2b,0xb0,0x40,
  0x2b,0x2d,0xb0,0x71,0x2c,0xb1,0x0,0x3c,0x2b,0xb0,0x41,0x2b,0x2d,0xb0,0x72,0x2c,
  0xb0,0x0,0x16,0xb1,0x0,0x3c,0x2b,0xb0,0x42,0x2b,0x2d,0xb0,0x73,0x2c,0xb1,0x1,
  0x3c,0x2b,0xb0,0x40,0x2b,0x2d,0xb0,0x74,0x2c,0xb1,0x1,0x3c,0x2b,0xb0,0x41,0x2b,
  0x2d,0xb0,0x75,0x2c,0xb0,0x0,0x16,0xb1,0x1,0x3c,0x2b,0xb0,0x42,0x2b,0x2d,0xb0,
  0x76,0x2c,0xb1,0x0,0x3d,0x2b,0x2e,0xb1,0x30,0x1,0x14,0x2b,0x2d,0xb0,0x77,0x2c,
  0xb1,0x0,0x3d,0x2b,0xb0,0x40,0x2b,0x2d,0xb0,0x78,0x2c,0xb1,0x0,0x3d,0x2b,0xb0,
  0x41,0x2b,0x2d,0xb0,0x79,0x2c,0xb1,0x0,0x3d,0x2b,0xb0,0x42,0x2b,0x2d,0xb0,0x7a,
  0x2c,0xb1,0x1,0x3d,0x2b,0xb0,0x40,0x2b,0x2d,0xb0,0x7b,0x2c,0xb1,0x1,0x3d,0x2b,
  0xb0,0x41,0x2b,0x2d,0xb0,0x7c,0x2c,0xb1,0x1,0x3d,0x2b,0xb0,0x42,0x2b,0x2d,0xb0,
  0x7d,0x2c,0xb1,0x0,0x3e,0x2b,0x2e,0xb1,0x30,0x1,0x14,0x2b,0x2d,0xb0,0x7e,0x2c,
  0xb1,0x0,0x3e,0x2b,0xb0,0x40,0x2b,0x2d,0xb0,0x7f,0x2c,0xb1,0x0,0x3e,0x2b,0xb0,
  0x41,0x2b,0x2d,0xb0,0x80,0x2c,0xb1,0x0,0x3e,0x2b,0xb0,0x42,0x2b,0x2d,0xb0,0x81,
  0x2c,0xb1,0x1,0x3e,0x2b,0xb0,0x40,0x2b,0x2d,0xb0,0x82,0x2c,0xb1,0x1,0x3e,0x2b,
  0xb0,0x41,0x2b,0x2d,0xb0,0x83,0x2c,0xb1,0x1,0x3e,0x2b,0xb0,0x42,0x2b,0x2d,0xb0,
  0x84,0x2c,0xb1,0x0,0x3f,0x2b,0x2e,0xb1,0x30,0x1,0x14,0x2b,0x2d,0xb0,0x85,0x2c,
  0xb1,0x0,0x3f,0x2b,0xb0,0x40,0x2b,0x2d,0xb0,0x86,0x2c,0xb1,0x0,0x3f,0x2b,0xb0,
  0x41,0x2b,0x2d,0xb0,0x87,0x2c,0xb1,0x0,0x3f,0x2b,0xb0,0x42,0x2b,0x2d,0xb0,0x88,
  0x2c,0xb1,0x1,0x3f,0x2b,0xb0,0x40,0x2b,0x2d,0xb0,0x89,0x2c,0xb1,0x1,0x3f,0x2b,
  0xb0,0x41,0x2b,0x2d,0xb0,0x8a,0x2c,0xb1,0x1,0x3f,0x2b,0xb0,0x42,0x2b,0x2d,0xb0,
  0x8b,0x2c,0xb2,0xb,0x0,0x3,0x45,0x50,0x58,0xb0,0x6,0x1b,0xb2,0x4,0x2,0x3,
  0x45,0x58,0x23,0x21,0x1b,0x21,0x59,0x59,0x42,0x2b,0xb0,0x8,0x65,0xb0,0x3,0x24,
  0x50,0x78,0xb1,0x5,0x1,0x15,0x45,0x58,0x30,0x59,0x2d,0x0,0x4b,0xb8,0x0,0xc8,
  0x52,0x58,0xb1,0x1,0x1,0x8e,0x59,0xb0,0x1,0xb9,0x8,0x0,0x8,0x0,0x63,0x70,
  0xb1,0x0,0x7,0x42,0xb1,0x0,0x0,0x2a,0xb1,0x0,0x7,0x42,0xb1,0x0,0xa,0x2a,
  0xb1,0x0,0x7,0x42,0xb1,0x0,0xa,0x2a,0xb1,0x0,0x7,0x42,0xb9,0x0,0x0,0x0,
  0xb,0x2a,0xb1,0x0,0x7,0x42,0xb9,0x0,0x0,0x0,0xb,0x2a,0xb9,0x0,0x3,0x0,
  0x0,0x44,0xb1,0x24,0x1,0x88,0x51,0x58,0xb0,0x40,0x88,0x58,0xb9,0x0,0x3,0x0,
  0x64,0x44,0xb1,0x28,0x1,0x88,0x51,0x58,0xb8,0x8,0x0,0x88,0x58,0xb9,0x0,0x3,
  0x0,0x0,0x44,0x59,0x1b,0xb1,0x27,0x1,0x88,0x51,0x58,0xba,0x8,0x80,0x0,0x1,
  0x4,0x40,0x88,0x63,0x54,0x58,0xb9,0x0,0x3,0x0,0x0,0x44,0x59,0x59,0x59,0x59,
  0x59,0xb1,0x0,0xe,0x2a,0xb8,0x1,0xff,0x85,0xb0,0x4,0x8d,0xb1,0x2,0x0,0x44,
  0xb3,0x5,0x64,0x6,0x0,0x44,0x44,
  
};

static const unsigned char qt_resource_name[] = {
  // fonts
  0x0,0x5,
  0x0,0x6d,0x65,0xb3,
  0x0,0x66,
  0x0,0x6f,0x0,0x6e,0x0,0x74,0x0,0x73,
    // asciicontrol.ttf
  0x0,0x10,
  0x6,0xb1,0xb6,0xa6,
  0x0,0x61,
  0x0,0x73,0x0,0x63,0x0,0x69,0x0,0x69,0x0,0x63,0x0,0x6f,0x0,0x6e,0x0,0x74,0x0,0x72,0x0,0x6f,0x0,0x6c,0x0,0x2e,0x0,0x74,0x0,0x74,0x0,0x66,
  
};

static const unsigned char qt_resource_struct[] = {
  // :
  0x0,0x0,0x0,0x0,0x0,0x2,0x0,0x0,0x0,0x1,0x0,0x0,0x0,0x1,
0x0,0x0,0x0,0x0,0x0,0x0,0x0,0x0,
  // :/fonts
  0x0,0x0,0x0,0x0,0x0,0x2,0x0,0x0,0x0,0x1,0x0,0x0,0x0,0x2,
0x0,0x0,0x0,0x0,0x0,0x0,0x0,0x0,
  // :/fonts/asciicontrol.ttf
  0x0,0x0,0x0,0x10,0x0,0x0,0x0,0x0,0x0,0x1,0x0,0x0,0x0,0x0,
0x0,0x0,0x1,0x94,0xf4,0x84,0xdd,0xa6,

};

#ifdef QT_NAMESPACE
#  define QT_RCC_PREPEND_NAMESPACE(name) ::QT_NAMESPACE::name
#  define QT_RCC_MANGLE_NAMESPACE0(x) x
#  define QT_RCC_MANGLE_NAMESPACE1(a, b) a##_##b
#  define QT_RCC_MANGLE_NAMESPACE2(a, b) QT_RCC_MANGLE_NAMESPACE1(a,b)
#  define QT_RCC_MANGLE_NAMESPACE(name) QT_RCC_MANGLE_NAMESPACE2( \
        QT_RCC_MANGLE_NAMESPACE0(name), QT_RCC_MANGLE_NAMESPACE0(QT_NAMESPACE))
#else
#   define QT_RCC_PREPEND_NAMESPACE(name) name
#   define QT_RCC_MANGLE_NAMESPACE(name) name
#endif

#if defined(QT_INLINE_NAMESPACE)
inline namespace QT_NAMESPACE {
#elif defined(QT_NAMESPACE)
namespace QT_NAMESPACE {
#endif

bool qRegisterResourceData(int, const unsigned char *, const unsigned char *, const unsigned char *);
bool qUnregisterResourceData(int, const unsigned char *, const unsigned char *, const unsigned char *);

#ifdef QT_NAMESPACE
}
#endif

int QT_RCC_MANGLE_NAMESPACE(qInitResources_fonts)();
int QT_RCC_MANGLE_NAMESPACE(qInitResources_fonts)()
{
    int version = 3;
    QT_RCC_PREPEND_NAMESPACE(qRegisterResourceData)
        (version, qt_resource_struct, qt_resource_name, qt_resource_data);
    return 1;
}

int QT_RCC_MANGLE_NAMESPACE(qCleanupResources_fonts)();
int QT_RCC_MANGLE_NAMESPACE(qCleanupResources_fonts)()
{
    int version = 3;
    QT_RCC_PREPEND_NAMESPACE(qUnregisterResourceData)
       (version, qt_resource_struct, qt_resource_name, qt_resource_data);
    return 1;
}

#ifdef __clang__
#   pragma clang diagnostic push
#   pragma clang diagnostic ignored "-Wexit-time-destructors"
#endif

namespace {
   struct initializer {
       initializer() { QT_RCC_MANGLE_NAMESPACE(qInitResources_fonts)(); }
       ~initializer() { QT_RCC_MANGLE_NAMESPACE(qCleanupResources_fonts)(); }
   } dummy;
}

#ifdef __clang__
#   pragma clang diagnostic pop
#endif
